,0,1,2,3
0,3,501451,24,0
1,4,501451,20,0
2,7,501911,3,0
3,8,501911,3,0
4,9,501911,4,0
5,10,501911,4,0
6,11,501911,4,0
7,12,501911,4,0
8,13,501911,4,0
9,14,501911,3,0
10,15,501911,3,0
11,16,501911,4,0
12,17,501909,2,0
13,18,501909,2,0
14,19,501909,3,0
15,20,501909,4,0
16,21,501909,4,0
17,22,501909,4,0
18,23,501909,0,3
19,26,501967,14,0
20,27,501967,3,0
21,28,501967,4,0
22,29,501134,7,0
23,30,501134,8,0
24,31,501134,7,0
25,32,501134,8,0
26,33,501134,7,0
27,34,501134,5,0
28,35,501134,6,0
29,36,501134,5,0
30,37,501966,5,0
31,38,501966,17,0
32,39,501966,0,31
33,40,501966,19,0
34,41,501966,21,0
35,42,501966,18,0
36,43,500846,4,0
37,44,500846,5,0
38,45,500846,3,0
39,46,500846,4,0
40,47,500846,3,0
41,48,500846,4,0
42,49,500836,13,0
43,50,500836,13,0
44,51,500836,13,0
45,52,500836,5,0
46,53,500836,4,0
47,54,500836,4,0
48,55,500836,4,0
49,56,500836,11,0
50,57,500836,5,0
51,58,500836,4,0
52,59,500836,5,0
53,60,501882,8,0
54,61,501882,51,0
55,62,501882,7,0
56,63,501882,4,0
57,64,501882,15,0
58,65,501882,3,0
59,66,501882,8,0
60,67,501882,6,0
61,68,501882,6,0
62,69,501882,3,0
63,70,501113,4,0
64,71,501113,3,0
65,72,501113,2,0
66,73,501113,3,0
67,74,501113,3,0
68,75,500917,6,0
69,76,500917,5,0
70,77,500917,5,0
71,85,501323,5,0
72,86,501323,5,0
73,87,501323,9,0
74,88,501323,4,0
75,89,501323,4,0
76,90,501323,7,0
77,91,501323,7,0
78,113,501451,6,0
79,114,501451,5,0
80,115,516296,4,0
81,116,516296,4,0
82,117,516296,5,0
83,118,516296,5,0
84,119,516296,5,0
85,120,516296,7,0
86,121,516296,3,0
87,122,516296,5,0
88,123,516296,3,0
89,124,516296,3,0
90,125,516296,6,0
91,126,516296,6,0
92,127,516296,8,0
93,128,516296,7,0
94,129,503178,4,0
95,130,503178,5,0
96,131,503178,4,0
97,132,503178,4,0
98,133,503178,4,0
99,134,503178,4,0
100,135,501451,6,0
101,136,501451,5,0
102,137,501451,3,0
103,138,501451,4,0
104,139,501451,12,0
105,140,501451,12,0
106,141,501451,12,0
107,142,501451,5,0
108,143,501451,6,0
109,144,501874,6,0
110,145,501874,6,0
111,146,501874,6,0
112,147,501874,6,0
113,148,501874,5,0
114,149,501874,5,0
115,150,501874,6,0
116,151,501874,7,0
117,152,501874,7,0
118,153,501874,25,0
119,154,501874,0,5
120,155,501874,5,0
121,156,501874,4,0
122,157,501874,6,0
123,158,501874,6,0
124,159,501874,7,0
125,160,501874,11,0
126,161,501874,6,0
127,162,501874,17,0
128,163,501874,13,0
129,164,501874,14,0
130,165,501874,14,0
131,166,501874,20,0
132,167,501874,15,0
133,168,501874,13,0
134,169,501874,7,0
135,170,501874,7,0
136,171,501874,10,0
137,172,501874,17,0
138,173,501874,14,0
139,174,501874,4,0
140,175,501874,6,0
141,176,501874,7,0
142,177,501874,8,0
143,178,501874,7,0
144,179,501874,7,0
145,180,501874,6,0
146,181,501874,7,0
147,182,501874,5,0
148,183,501942,2,0
149,184,501942,2,0
150,185,501942,2,0
151,186,501942,2,0
152,187,314009,26,0
153,188,314009,25,0
154,189,314009,2,0
155,190,314009,15,0
156,191,314009,6,0
157,192,314009,20,0
158,193,314009,5,0
159,194,314009,9,0
160,195,314009,15,0
161,196,314009,13,0
162,197,314009,15,0
163,198,314009,3,0
164,199,314009,2,0
165,200,314009,13,0
166,201,314009,6,0
167,202,314009,12,0
168,203,314009,15,0
169,204,314009,18,0
170,205,314009,22,0
171,206,314009,18,0
172,207,314009,18,0
173,208,314009,15,0
174,209,314009,17,0
175,210,501867,7,0
176,211,501867,3,0
177,212,501841,7,0
178,213,501841,8,0
179,214,501841,4,0
180,215,501892,12,0
181,216,501892,11,0
182,217,501892,12,0
183,218,501892,3,0
184,219,501892,9,0
185,220,501892,12,0
186,221,501892,11,0
187,222,501892,10,0
188,223,501892,8,0
189,224,501892,6,0
190,225,501892,6,0
191,226,501892,7,0
192,227,501892,7,0
193,228,501892,3,0
194,229,501892,15,0
195,230,501892,12,0
196,231,501892,0,12
197,232,501892,4,0
198,305,501897,5,0
199,306,501897,5,0
200,307,501897,5,0
201,308,501897,4,0
202,309,501897,4,0
203,310,501897,5,0
204,311,501897,4,0
205,312,501897,9,0
206,313,501897,2,0
207,314,501897,4,0
208,315,501897,4,0
209,316,501897,6,0
210,317,501897,5,0
211,318,501897,5,0
212,319,501897,2,0
213,320,501897,5,0
214,321,501897,5,0
215,322,501897,4,0
216,323,501897,4,0
217,324,501897,5,0
218,325,501897,5,0
219,344,501893,6,0
220,345,501893,11,0
221,346,501893,4,0
222,347,501893,5,0
223,348,501893,0,7
224,349,501893,3,0
225,350,501893,14,0
226,351,501893,11,0
227,352,501893,10,0
228,353,501893,7,0
229,354,501893,15,0
230,355,501893,10,0
231,356,107255,5,0
232,357,107255,6,0
233,358,107255,10,0
234,359,107255,10,0
235,360,413051,6,0
236,361,413051,5,0
237,362,413051,4,0
238,363,413051,4,0
239,364,413051,3,0
240,365,413051,5,0
241,366,413051,4,0
242,367,413051,14,0
243,368,413051,12,0
244,369,413051,11,0
245,370,413051,8,0
246,371,413051,14,0
247,372,413051,12,0
248,373,413051,9,0
249,374,413051,12,0
250,375,413051,11,0
251,376,413051,7,0
252,377,413051,8,0
253,378,413051,10,0
254,379,413051,10,0
255,380,413051,12,0
256,381,413051,11,0
257,382,413051,12,0
258,383,413051,5,0
259,384,413051,5,0
260,385,413051,6,0
261,386,413052,0,9
262,387,413052,0,9
263,388,413052,8,0
264,389,413052,5,0
265,390,413052,5,0
266,391,413052,5,0
267,392,413052,6,0
268,393,413052,6,0
269,394,107288,12,0
270,395,107288,12,0
271,396,107288,11,0
272,397,413086,12,0
273,398,413086,8,0
274,399,413086,9,0
275,400,413086,5,0
276,401,413086,5,0
277,402,413086,5,0
278,403,413086,0,8
279,404,413086,2,0
280,405,413086,2,0
281,406,413086,2,0
282,407,207803,14,0
283,408,207803,0,18
284,409,207803,14,0
285,410,207803,14,0
286,411,207803,22,0
287,412,207803,15,0
288,413,207803,19,0
289,414,207803,14,0
290,415,207803,18,0
291,419,107278,7,0
292,420,107278,7,0
293,421,107278,7,0
294,422,107188,8,0
295,423,107188,8,0
296,424,107188,5,0
297,425,107188,10,0
298,426,107188,14,0
299,427,207088,2,0
300,428,207088,2,0
301,429,207088,2,0
302,430,207088,2,0
303,431,107256,11,0
304,432,107256,12,0
305,433,107256,12,0
306,434,207945,3,0
307,435,207945,3,0
308,436,207945,3,0
309,437,207945,3,0
310,438,207945,3,0
311,439,207112,6,0
312,440,207112,6,0
313,441,207112,8,0
314,442,507568,2,0
315,443,507568,2,0
316,444,507568,11,0
317,445,107277,11,0
318,446,107277,11,0
319,447,107277,9,0
320,448,107277,11,0
321,449,107277,12,0
322,450,107277,13,0
323,451,107277,9,0
324,452,107277,11,0
325,453,107285,6,0
326,454,107285,0,4
327,455,107285,5,0
328,456,107285,5,0
329,457,207802,2,0
330,458,207802,2,0
331,459,207802,8,0
332,460,207041,10,0
333,461,207041,0,7
334,462,207041,0,9
335,463,207041,0,11
336,464,207041,0,11
337,465,516271,1,0
338,466,516271,2,0
339,467,516271,26,0
340,468,516271,4,0
341,469,516271,13,0
342,470,516271,2,0
343,471,207199,4,0
344,472,207199,3,0
345,473,207199,4,0
346,474,207199,4,0
347,475,207199,4,0
348,476,207199,4,0
349,477,207199,0,3
350,478,207199,4,0
351,479,207199,2,0
352,480,207199,2,0
353,481,507598,12,0
354,482,507598,13,0
355,483,207201,5,0
356,484,207201,4,0
357,485,507613,2,0
358,486,507613,3,0
359,487,507613,3,0
360,488,507613,25,0
361,489,507599,11,0
362,490,507599,11,0
363,491,507599,14,0
364,492,507599,22,0
365,493,507599,2,0
366,494,507599,3,0
367,495,507599,10,0
368,496,507599,2,0
369,497,507599,2,0
370,498,507599,13,0
371,499,207200,19,0
372,500,207200,26,0
373,501,207200,21,0
374,502,207200,19,0
375,503,207200,14,0
376,504,207200,14,0
377,505,207200,5,0
378,506,207200,19,0
379,507,207200,15,0
380,508,207200,0,11
381,509,207200,0,15
382,510,207200,0,6
383,511,207200,19,0
384,514,507614,17,0
385,515,507614,12,0
386,516,507539,13,0
387,517,507539,15,0
388,518,507539,12,0
389,519,507539,2,0
390,520,507539,16,0
391,521,507539,2,0
392,529,507615,2,0
393,530,507615,2,0
394,531,507615,25,0
395,532,507615,2,0
396,533,507615,21,0
397,534,507615,2,0
398,535,343368,15,0
399,536,343368,16,0
400,537,349684,14,0
401,538,349684,13,0
402,539,349684,11,0
403,540,349687,8,0
404,541,349687,11,0
405,542,349687,13,0
406,543,349687,12,0
407,544,342452,7,0
408,545,342452,24,0
409,546,342452,19,0
410,547,342452,3,0
411,548,342453,3,0
412,549,342453,4,0
413,550,342453,6,0
414,551,342453,11,0
415,552,344023,17,0
416,553,344023,19,0
417,554,344023,19,0
418,555,344023,17,0
419,556,344023,15,0
420,557,344023,13,0
421,558,344023,15,0
422,559,342454,0,27
423,560,342454,16,0
424,561,342454,15,0
425,562,342454,0,20
426,563,342454,17,0
427,564,342454,16,0
428,565,349688,4,0
429,566,349688,10,0
430,567,349688,9,0
431,568,349688,14,0
432,569,349688,11,0
433,570,349688,12,0
434,571,349688,8,0
435,572,349688,9,0
436,573,349688,9,0
437,574,349688,13,0
438,575,349688,14,0
439,576,349688,7,0
440,577,349688,11,0
441,578,349688,14,0
442,579,349688,3,0
443,580,349688,7,0
444,587,342455,16,0
445,588,342455,17,0
446,589,342455,13,0
447,590,342455,14,0
448,591,342455,16,0
449,592,342456,12,0
450,593,342456,4,0
451,594,342457,5,0
452,595,342457,3,0
453,596,342457,16,0
454,597,342457,11,0
455,598,342457,9,0
456,599,342457,9,0
457,604,324495,10,0
458,605,324495,8,0
459,606,324495,10,0
460,607,324495,11,0
461,608,324495,11,0
462,609,324495,8,0
463,610,324495,11,0
464,611,324495,11,0
465,612,324495,11,0
466,613,324495,9,0
467,614,324495,11,0
468,615,324495,10,0
469,616,324495,9,0
470,617,324495,5,0
471,618,324495,12,0
472,619,324495,11,0
473,620,324495,13,0
474,621,324495,9,0
475,622,324495,15,0
476,623,324495,16,0
477,624,324495,12,0
478,625,324495,7,0
479,626,342458,10,0
480,627,342458,6,0
481,628,342458,9,0
482,629,342458,5,0
483,630,342458,9,0
484,631,342458,6,0
485,632,342458,6,0
486,633,400788,3,0
487,634,400788,3,0
488,635,400788,5,0
489,636,400788,4,0
490,637,400788,4,0
491,638,400788,4,0
492,639,400788,4,0
493,640,400788,6,0
494,641,400788,4,0
495,642,400788,7,0
496,643,400788,6,0
497,644,400788,7,0
498,645,400787,6,0
499,646,400787,5,0
500,647,400787,7,0
501,648,400787,8,0
502,649,400787,20,0
503,650,400787,9,0
504,651,400787,11,0
505,652,400787,11,0
506,653,400787,10,0
507,654,400787,9,0
508,655,400787,11,0
509,656,400787,12,0
510,657,400787,10,0
511,658,344037,18,0
512,659,344037,7,0
513,660,344037,4,0
514,661,344037,4,0
515,662,344037,4,0
516,663,344037,4,0
517,664,344037,3,0
518,665,344037,19,0
519,666,344037,12,0
520,667,400789,3,0
521,668,400789,4,0
522,669,400789,5,0
523,670,400789,4,0
524,671,400789,4,0
525,672,400789,17,0
526,673,400789,15,0
527,674,400789,8,0
528,675,324274,4,0
529,676,324274,5,0
530,677,324274,6,0
531,678,324274,25,0
532,679,324274,6,0
533,680,344033,11,0
534,681,344033,3,0
535,682,344033,3,0
536,683,344033,15,0
537,684,344033,4,0
538,685,324275,14,0
539,686,324275,12,0
540,687,324275,15,0
541,688,344034,2,0
542,689,344034,3,0
543,690,344034,2,0
544,691,324346,11,0
545,692,324346,11,0
546,693,324346,14,0
547,694,324346,12,0
548,695,324346,15,0
549,696,506799,12,0
550,697,506799,8,0
551,698,506799,9,0
552,699,506799,9,0
553,700,506799,8,0
554,701,506799,7,0
555,702,506799,12,0
556,703,506799,15,0
557,704,506799,4,0
558,705,506799,11,0
559,706,506799,0,10
560,707,330413,6,0
561,708,330413,7,0
562,709,330413,9,0
563,710,330413,38,0
564,711,330413,6,0
565,712,330413,3,0
566,713,324345,15,0
567,714,324345,11,0
568,715,324345,5,0
569,716,324345,4,0
570,717,506834,2,0
571,718,506834,13,0
572,719,506834,21,0
573,720,506834,26,0
574,721,506834,4,0
575,722,342451,18,0
576,723,342451,10,0
577,724,342451,17,0
578,725,342451,20,0
579,726,342451,19,0
580,727,342449,21,0
581,728,342449,19,0
582,729,342449,18,0
583,730,342449,18,0
584,731,342449,17,0
585,732,342447,24,0
586,733,342447,27,0
587,734,342447,22,0
588,735,342447,21,0
589,736,342447,9,0
590,737,342450,17,0
591,738,342450,17,0
592,739,342450,19,0
593,740,342450,28,0
594,741,342450,21,0
595,747,342448,11,0
596,748,342448,23,0
597,749,342448,28,0
598,750,342448,7,0
599,751,342448,33,0
600,752,342446,30,0
601,753,342446,5,0
602,754,342446,26,0
603,755,342446,27,0
604,756,342446,22,0
605,757,506915,2,0
606,758,506915,2,0
607,759,506894,2,0
608,760,506894,3,0
609,761,506894,4,0
610,762,506894,3,0
611,763,507002,3,0
612,764,507002,12,0
613,765,507002,17,0
614,766,507002,15,0
615,767,104039,2,0
616,768,104039,3,0
617,769,104039,3,0
618,770,104039,6,0
619,771,104039,6,0
620,772,104039,6,0
621,773,104039,6,0
622,774,506912,18,0
623,775,506912,13,0
624,776,506912,25,0
625,777,506912,25,0
626,778,506912,22,0
627,779,506912,25,0
628,780,506912,21,0
629,781,506912,19,0
630,782,104054,3,0
631,783,104054,3,0
632,784,104054,3,0
633,785,506891,4,0
634,786,506891,4,0
635,787,506891,19,0
636,788,506891,4,0
637,789,506891,4,0
638,790,506891,24,0
639,791,506891,27,0
640,792,506891,20,0
641,793,342425,0,3
642,794,342425,19,0
643,795,342425,5,0
644,796,342425,12,0
645,797,104076,26,0
646,798,104076,13,0
647,799,104076,7,0
648,800,104076,13,0
649,801,104076,4,0
650,802,104076,20,0
651,803,104076,5,0
652,804,104076,14,0
653,805,104076,20,0
654,806,104000,11,0
655,807,104000,3,0
656,808,104000,4,0
657,815,342424,19,0
658,816,342424,4,0
659,817,342424,17,0
660,818,342424,0,22
661,826,342426,24,0
662,827,342426,15,0
663,828,342426,7,0
664,829,342426,5,0
665,830,104053,4,0
666,831,104053,5,0
667,832,104053,5,0
668,833,104121,4,0
669,834,104121,4,0
670,835,104121,4,0
671,836,104121,8,0
672,837,104121,4,0
673,838,104121,4,0
674,839,104121,7,0
675,840,104121,6,0
676,841,104121,10,0
677,842,104121,8,0
678,843,104121,11,0
679,844,104121,2,0
680,845,104121,9,0
681,846,104121,8,0
682,847,104121,4,0
683,848,104121,3,0
684,849,506856,3,0
685,850,506856,2,0
686,851,506856,2,0
687,852,342445,22,0
688,853,342445,22,0
689,854,342445,24,0
690,855,342445,23,0
691,856,342445,20,0
692,857,342445,21,0
693,858,506892,5,0
694,859,506892,6,0
695,860,506892,7,0
696,861,506892,4,0
697,862,342423,2,0
698,863,342423,15,0
699,864,342423,19,0
700,865,342423,20,0
701,866,342427,4,0
702,867,342427,4,0
703,868,342427,7,0
704,869,342427,2,0
705,870,342421,17,0
706,871,342421,10,0
707,872,342421,3,0
708,873,342421,0,11
709,874,104056,2,0
710,875,104056,10,0
711,876,104065,11,0
712,877,104065,4,0
713,878,104065,4,0
714,879,104065,3,0
715,880,104065,13,0
716,881,104065,3,0
717,882,104065,3,0
718,883,104065,3,0
719,884,104065,3,0
720,885,104065,4,0
721,886,104065,3,0
722,887,104065,3,0
723,888,104065,3,0
724,889,104065,14,0
725,890,104065,3,0
726,891,104115,9,0
727,892,104115,9,0
728,893,104115,9,0
729,894,104115,10,0
730,895,342429,20,0
731,896,342429,14,0
732,897,342429,19,0
733,898,342429,16,0
734,899,342422,22,0
735,900,342422,22,0
736,901,342422,17,0
737,902,342422,18,0
738,903,104021,9,0
739,904,104021,9,0
740,905,104021,7,0
741,906,104021,9,0
742,907,104021,3,0
743,908,104021,14,0
744,909,104021,13,0
745,910,104021,15,0
746,911,104021,16,0
747,912,342428,18,0
748,913,342428,21,0
749,914,342428,3,0
750,915,104119,8,0
751,916,104119,3,0
752,917,104119,9,0
753,918,104119,8,0
754,919,104119,11,0
755,920,104119,9,0
756,921,104119,10,0
757,922,104119,0,5
758,923,506893,5,0
759,924,506893,11,0
760,925,506893,16,0
761,926,506893,3,0
762,927,506893,4,0
763,928,506893,3,0
764,929,506893,4,0
765,930,506893,5,0
766,931,506893,4,0
767,932,104116,10,0
768,933,104116,10,0
769,934,104116,12,0
770,935,104116,9,0
771,936,104116,9,0
772,937,104116,13,0
773,938,104116,11,0
774,939,104116,10,0
775,940,104116,3,0
776,941,104116,3,0
777,942,104116,3,0
778,943,104116,4,0
779,944,104116,3,0
780,945,507003,4,0
781,946,507003,4,0
782,947,507003,10,0
783,948,507003,25,0
784,949,507003,5,0
785,950,507003,5,0
786,951,507003,1,0
787,952,507003,34,0
788,953,507003,1,0
789,954,507003,1,0
790,955,507003,1,0
791,970,507000,15,0
792,971,104023,11,0
793,972,104023,11,0
794,973,104023,13,0
795,974,104023,7,0
796,975,104023,7,0
797,976,104023,12,0
798,977,104023,13,0
799,978,104023,3,0
800,979,506854,17,0
801,980,506854,14,0
802,981,506854,18,0
803,982,506854,15,0
804,983,506854,17,0
805,984,506854,14,0
806,985,506853,13,0
807,986,506853,20,0
808,987,506853,9,0
809,988,506853,11,0
810,989,506853,4,0
811,990,506853,9,0
812,991,506853,13,0
813,992,506853,9,0
814,993,506853,19,0
815,994,506853,20,0
816,995,506853,8,0
817,996,506853,8,0
818,997,324945,20,0
819,998,324945,19,0
820,999,324945,13,0
821,1000,324945,44,0
822,1001,324945,17,0
823,1002,324945,25,0
824,1003,104110,14,0
825,1004,104110,12,0
826,1005,104110,14,0
827,1006,104110,15,0
828,1007,104110,6,0
829,1008,104110,6,0
830,1009,104110,7,0
831,1010,104110,5,0
832,1011,104110,5,0
833,1012,104110,5,0
834,1013,104110,5,0
835,1014,104110,3,0
836,1015,104111,9,0
837,1016,104111,9,0
838,1017,104036,17,0
839,1018,104036,13,0
840,1019,104036,3,0
841,1020,104036,13,0
842,1021,215628,20,0
843,1022,215628,20,0
844,1023,215628,18,0
845,1024,215628,18,0
846,1025,215628,21,0
847,1026,215628,20,0
848,1027,215628,19,0
849,1028,215628,22,0
850,1029,215628,18,0
851,1030,215628,21,0
852,1031,215628,25,0
853,1032,215628,21,0
854,1033,215628,21,0
855,1034,207983,18,0
856,1035,207983,20,0
857,1036,207983,18,0
858,1037,207983,23,0
859,1038,207983,23,0
860,1039,207983,23,0
861,1040,207983,18,0
862,1041,207983,24,0
863,1042,207983,22,0
864,1043,207983,2,0
865,1044,208020,7,0
866,1045,208020,2,0
867,1046,208020,0,11
868,1047,208020,0,19
869,1048,208015,21,0
870,1049,208015,14,0
871,1050,208015,20,0
872,1051,208015,13,0
873,1052,208015,2,0
874,1053,208015,18,0
875,1054,208015,2,0
876,1055,208015,2,0
877,1056,208015,0,31
878,1057,208015,0,25
879,1058,208015,0,31
880,1059,208015,0,25
881,1060,208015,11,0
882,1074,208019,22,0
883,1075,208019,2,0
884,1076,208019,18,0
885,1077,208019,17,0
886,1078,208019,18,0
887,1079,208019,21,0
888,1080,208018,22,0
889,1081,208018,16,0
890,1082,208018,16,0
891,1083,208018,18,0
892,1084,208018,15,0
893,1085,208018,23,0
894,1086,208018,0,5
895,1087,208018,0,6
896,1088,208018,13,0
897,1089,208017,19,0
898,1090,208017,7,0
899,1091,208021,16,0
900,1092,208021,16,0
901,1093,208021,20,0
902,1094,208021,15,0
903,1095,208021,18,0
904,1096,208021,1,0
905,1097,208021,15,0
906,1098,208021,10,0
907,1099,208021,24,0
908,1100,208021,18,0
909,1101,208021,2,0
910,1102,208021,3,0
911,1103,208021,2,0
912,1104,208021,17,0
913,1105,208021,12,0
914,1106,208021,14,0
915,1107,208021,17,0
916,1110,315272,23,0
917,1111,315272,18,0
918,1112,315272,12,0
919,1113,315272,13,0
920,1114,315272,23,0
921,1115,313879,3,0
922,1116,313879,17,0
923,1117,316220,8,0
924,1118,316220,8,0
925,1119,316220,8,0
926,1120,316220,4,0
927,1121,316220,9,0
928,1122,316220,22,0
929,1123,316220,2,0
930,1124,316220,14,0
931,1125,316220,23,0
932,1126,316220,20,0
933,1127,316220,23,0
934,1128,312797,3,0
935,1129,312797,7,0
936,1130,312797,3,0
937,1131,312797,6,0
938,1132,312797,4,0
939,1133,312797,12,0
940,1134,312797,4,0
941,1135,312797,4,0
942,1136,312797,2,0
943,1137,312797,6,0
944,1138,312797,4,0
945,1139,312797,3,0
946,1140,226868,17,0
947,1141,226868,19,0
948,1142,226868,4,0
949,1143,226868,19,0
950,1144,226868,15,0
951,1145,312799,14,0
952,1146,312799,17,0
953,1147,312799,20,0
954,1148,312799,2,0
955,1149,312799,16,0
956,1150,312799,3,0
957,1151,312799,12,0
958,1152,312799,10,0
959,1153,312799,11,0
960,1154,312799,4,0
961,1155,312799,11,0
962,1156,312799,0,4
963,1157,316377,30,0
964,1158,316377,8,0
965,1159,316377,4,0
966,1160,316377,39,0
967,1161,316377,3,0
968,1162,316377,7,0
969,1163,316221,11,0
970,1164,314490,18,0
971,1165,314490,22,0
972,1166,314490,19,0
973,1167,314490,21,0
974,1168,314490,7,0
975,1169,314490,21,0
976,1170,314490,2,0
977,1171,314490,16,0
978,1172,314490,11,0
979,1173,314489,20,0
980,1174,314489,21,0
981,1175,314489,22,0
982,1176,314489,8,0
983,1177,314489,16,0
984,1178,226833,2,0
985,1179,226833,23,0
986,1180,226833,14,0
987,1184,226832,14,0
988,1185,226832,13,0
989,1186,226832,0,20
990,1187,226832,0,21
991,1188,350037,15,0
992,1189,350037,19,0
993,1190,350037,28,0
994,1195,227387,17,0
995,1196,227387,16,0
996,1197,227387,12,0
997,1198,227387,11,0
998,1199,227387,11,0
999,1210,227386,6,0
