Date,AAPL,AMZN,FB,GOOG,NFLX
2020-06-01,79.924,2471.04,231.91,1431.82,425.92
2020-06-02,80.294,2472.41,232.72,1439.22,427.31
2020-06-03,80.736,2478.4,230.16,1436.38,421.97
2020-06-04,80.041,2460.6,226.29,1412.18,414.33
2020-06-05,82.32,2483.0,230.77,1438.39,419.6
2020-06-08,82.807,2524.06,231.4,1446.61,419.49
2020-06-09,85.422,2600.86,238.67,1456.16,434.05
2020-06-10,87.62,2647.45,236.73,1465.85,434.48
2020-06-11,83.413,2557.96,224.43,1403.84,425.56
2020-06-12,84.133,2545.02,228.58,1413.18,418.07
2020-06-15,85.174,2572.68,232.5,1419.85,425.5
2020-06-16,87.431,2615.27,235.65,1442.72,436.13
2020-06-17,87.309,2640.98,235.53,1451.12,447.77
2020-06-18,87.344,2653.98,235.94,1435.96,449.87
2020-06-19,86.845,2675.01,238.79,1431.72,453.72
2020-06-22,89.117,2713.82,239.22,1451.86,468.04
2020-06-23,91.019,2764.41,242.24,1464.41,466.26
2020-06-24,89.413,2734.4,234.02,1431.97,457.85
2020-06-25,90.6,2754.58,235.68,1441.33,465.91
2020-06-26,87.816,2692.87,216.08,1359.9,443.4
2020-06-29,89.84,2680.38,220.64,1394.97,447.24
2020-06-30,90.59,2758.82,227.07,1413.61,455.04
2020-07-01,90.418,2878.7,237.55,1438.04,485.64
2020-07-02,90.418,2890.3,233.42,1464.7,476.89
2020-07-06,92.837,3057.04,240.28,1495.7,493.81
2020-07-07,92.549,3000.12,240.86,1485.18,493.16
2020-07-08,94.704,3081.11,243.58,1496.0,502.78
2020-07-09,95.112,3182.63,244.5,1510.99,507.76
2020-07-10,95.278,3200.0,245.07,1541.74,548.73
2020-07-13,94.838,3104.0,239.0,1511.34,525.5
2020-07-14,96.408,3084.0,239.73,1520.58,524.88
2020-07-15,97.071,3008.87,240.28,1513.64,523.26
2020-07-16,95.876,2999.9,240.93,1518.0,527.39
2020-07-17,95.683,2961.97,242.03,1515.55,492.99
2020-07-20,97.699,3196.84,245.42,1565.72,502.41
2020-07-21,96.351,3138.29,241.75,1558.42,490.1
2020-07-22,96.621,3099.91,239.87,1568.49,489.82
2020-07-23,92.224,2986.55,232.6,1515.68,477.58
2020-07-24,91.995,3008.91,230.71,1511.87,480.45
2020-07-27,94.175,3055.21,233.5,1530.2,495.65
2020-07-28,92.628,3000.33,230.12,1500.34,488.51
2020-07-29,94.404,3033.53,233.29,1522.02,484.48
2020-07-30,95.546,3051.88,234.5,1531.45,485.8
2020-07-31,105.549,3164.68,253.67,1482.96,488.88
2020-08-03,108.208,3111.89,251.96,1474.45,498.62
2020-08-04,108.931,3138.83,249.83,1464.97,509.64
2020-08-05,109.326,3205.03,249.12,1473.61,502.11
2020-08-06,113.14,3225.0,265.28,1500.1,509.08
2020-08-07,110.568,3167.46,268.44,1494.49,494.73
2020-08-10,112.175,3148.16,263.0,1496.1,483.38
2020-08-11,108.839,3080.67,256.13,1480.32,466.93
2020-08-12,112.456,3162.24,259.89,1506.62,475.47
2020-08-13,114.446,3161.02,261.3,1518.45,481.33
2020-08-14,114.344,3148.02,261.24,1507.73,482.68
2020-08-17,114.046,3182.41,261.16,1517.98,482.35
2020-08-18,114.996,3312.49,262.34,1558.6,491.87
2020-08-19,115.14,3260.48,262.59,1547.53,484.53
2020-08-20,117.695,3297.37,269.01,1581.75,497.9
2020-08-21,123.76,3284.72,267.01,1580.42,492.31
2020-08-24,125.241,3307.46,271.39,1588.2,488.81
2020-08-25,124.213,3346.49,280.82,1608.22,490.58
2020-08-26,125.902,3441.85,303.91,1652.38,547.53
2020-08-27,124.397,3400.0,293.22,1634.33,526.27
2020-08-28,124.196,3401.8,293.66,1644.41,523.89
2020-08-31,128.407,3450.96,293.2,1634.18,529.56
2020-09-01,133.522,3499.12,295.44,1660.71,556.55
2020-09-02,130.756,3531.45,302.5,1728.28,552.84
2020-09-03,120.287,3368.0,291.12,1641.84,525.75
2020-09-04,120.367,3294.62,282.73,1591.04,516.05
2020-09-08,112.267,3149.84,271.16,1532.39,507.02
2020-09-09,116.745,3268.61,273.72,1556.96,500.19
2020-09-10,112.934,3175.11,268.09,1532.02,480.67
2020-09-11,111.451,3116.22,266.61,1520.72,482.03
2020-09-14,114.795,3102.97,266.15,1519.28,476.26
2020-09-15,114.974,3156.13,272.42,1541.44,495.99
2020-09-16,111.58,3078.1,263.52,1520.9,483.86
2020-09-17,109.799,3008.73,254.82,1495.53,470.2
2020-09-18,106.316,2954.91,252.53,1459.99,469.96
2020-09-21,109.54,2960.47,248.15,1431.16,487.35
2020-09-22,111.262,3128.99,254.75,1465.46,491.17
2020-09-23,106.595,2999.86,249.02,1415.21,470.61
2020-09-24,107.69,3019.79,249.53,1428.29,473.08
2020-09-25,111.73,3095.13,254.82,1444.96,482.88
2020-09-28,114.396,3174.05,256.82,1464.52,490.65
2020-09-29,113.531,3144.88,261.79,1469.33,493.48
2020-09-30,115.242,3148.73,261.9,1469.6,500.03
2020-10-01,116.217,3221.26,266.63,1490.09,527.51
2020-10-02,112.466,3125.0,259.94,1458.42,503.06
2020-10-05,115.929,3199.2,264.65,1486.02,520.65
2020-10-06,112.605,3099.96,258.66,1453.44,505.87
2020-10-07,114.516,3195.69,258.12,1460.29,534.66
2020-10-08,114.406,3190.55,263.76,1485.93,531.79
2020-10-09,116.397,3286.65,264.45,1515.22,539.44
2020-10-12,123.79,3442.93,275.75,1569.15,539.81
2020-10-13,120.506,3443.63,276.14,1571.68,554.09
2020-10-14,120.596,3363.71,271.82,1568.08,541.45
2020-10-15,120.118,3338.65,266.72,1559.13,541.94
2020-10-16,118.437,3272.71,265.93,1573.01,530.79
2020-10-19,115.411,3207.21,261.4,1534.61,530.72
2020-10-20,116.934,3217.01,267.56,1555.93,525.42
2020-10-21,116.297,3184.94,278.73,1593.31,489.05
2020-10-22,115.183,3176.4,278.12,1615.33,485.23
2020-10-23,114.476,3204.4,284.79,1641.0,488.28
2020-10-26,114.486,3207.04,277.11,1590.45,488.24
2020-10-27,116.028,3286.33,283.29,1604.26,488.93
2020-10-28,110.655,3162.78,267.67,1516.62,486.24
2020-10-29,114.755,3211.01,280.83,1567.24,504.21
2020-10-30,108.326,3036.15,263.11,1621.01,475.74
2020-11-02,108.237,3004.48,261.36,1626.03,484.12
2020-11-03,109.899,3048.41,265.3,1650.21,487.22
2020-11-04,114.387,3241.16,287.38,1749.13,496.95
2020-11-05,118.447,3322.0,294.68,1763.37,513.76
2020-11-06,118.312,3311.37,293.41,1761.75,514.73
2020-11-09,115.949,3143.74,278.77,1763.0,470.5
2020-11-10,115.601,3035.02,272.43,1740.39,480.24
2020-11-11,119.109,3137.39,276.48,1752.71,490.76
2020-11-12,118.83,3110.28,275.08,1749.84,486.77
2020-11-13,118.88,3128.81,276.95,1777.02,482.84
2020-11-16,119.917,3131.06,278.96,1781.38,479.1
2020-11-17,119.01,3135.66,275.0,1770.15,480.63
2020-11-18,117.654,3105.46,271.97,1746.78,481.79
2020-11-19,118.262,3117.02,272.94,1763.92,484.67
2020-11-20,116.966,3099.4,269.7,1742.19,488.24
2020-11-23,113.487,3098.39,268.43,1734.86,476.62
2020-11-24,114.803,3118.06,276.92,1768.88,482.88
2020-11-25,115.66,3185.07,275.59,1771.43,485.0
2020-11-27,116.219,3195.34,277.81,1793.19,491.36
2020-11-30,118.671,3168.04,276.97,1760.74,490.7
