,max_depth,min_samples_leaf,learn_rate,accuracy
0,4.0,16.0,0.624362416,95.0
1,10.0,14.0,0.477449664,97.0
2,7.0,14.0,0.050067114,96.0
3,5.0,12.0,0.023355705,96.0
4,6.0,12.0,0.771275168,97.0
5,13.0,11.0,0.290469799,96.0
6,6.0,10.0,0.317181208,96.0
7,19.0,10.0,0.757919463,96.0
8,2.0,16.0,0.931543624,96.0
9,16.0,13.0,0.904832215,96.0
10,12.0,13.0,0.89147651,96.0
11,4.0,16.0,0.504161074,96.0
12,2.0,13.0,0.223691275,95.0
13,3.0,11.0,0.01,95.0
14,14.0,15.0,0.517516779,95.0
15,10.0,16.0,0.223691275,95.0
16,20.0,12.0,0.878120805,95.0
17,10.0,14.0,0.851409396,95.0
18,2.0,15.0,0.063422819,94.0
19,9.0,16.0,0.651073826,94.0
20,16.0,15.0,0.771275168,94.0
21,12.0,14.0,0.357248322,94.0
22,10.0,14.0,0.637718121,94.0
23,4.0,8.0,0.744563758,93.0
24,7.0,12.0,0.757919463,93.0
25,5.0,16.0,0.89147651,93.0
26,12.0,10.0,0.383959732,92.0
27,19.0,8.0,0.46409396,91.0
28,17.0,12.0,0.397315436,91.0
29,9.0,14.0,0.46409396,87.0
30,11.0,5.0,0.21033557,87.0
31,18.0,5.0,0.931543624,84.0
32,2.0,12.0,0.46409396,83.0
33,2.0,5.0,0.036711409,83.0
34,6.0,6.0,0.130201342,83.0
35,12.0,6.0,0.944899329,82.0
36,5.0,11.0,0.504161074,82.0
37,2.0,7.0,0.477449664,82.0
38,10.0,11.0,0.504161074,82.0
39,19.0,8.0,0.89147651,82.0
40,10.0,12.0,0.66442953,81.0
41,7.0,16.0,0.651073826,81.0
42,20.0,3.0,0.838053691,80.0
43,17.0,7.0,0.784630872,79.0
44,7.0,6.0,0.811342282,78.0
45,17.0,16.0,0.89147651,78.0
46,13.0,6.0,0.517516779,78.0
47,25.0,10.0,0.317181208,78.0
48,4.0,3.0,0.757919463,78.0
49,53.0,13.0,0.637718121,78.0
50,47.0,13.0,0.797986577,77.0
51,17.0,5.0,0.69114094,76.0
52,11.0,16.0,1.719530201,76.0
53,20.0,6.0,0.263758389,76.0
54,5.0,4.0,0.530872483,76.0
55,17.0,9.0,0.944899329,76.0
56,9.0,16.0,1.198657718,74.0
57,9.0,4.0,0.717852349,74.0
58,24.0,14.0,0.21033557,74.0
59,61.0,11.0,0.597651007,73.0
60,13.0,7.0,0.263758389,73.0
61,5.0,10.0,1.038389262,73.0
62,1.0,11.0,0.277114094,73.0
63,22.0,14.0,0.090134228,72.0
64,6.0,11.0,1.078456376,72.0
65,17.0,10.0,1.385637584,72.0
66,4.0,8.0,0.944899329,71.0
67,10.0,10.0,1.839731544,71.0
68,20.0,15.0,1.786308725,71.0
69,13.0,9.0,0.050067114,71.0
70,19.0,13.0,1.585973154,71.0
71,57.0,15.0,0.170268456,70.0
72,37.0,14.0,0.66442953,70.0
73,35.0,13.0,0.584295302,70.0
74,41.0,16.0,0.370604027,69.0
75,47.0,10.0,0.317181208,69.0
76,17.0,7.0,0.063422819,69.0
77,10.0,9.0,0.544228188,69.0
78,54.0,10.0,0.397315436,69.0
79,55.0,10.0,0.597651007,69.0
80,15.0,6.0,0.998322148,68.0
81,61.0,12.0,0.971610738,68.0
82,27.0,14.0,0.958255034,68.0
83,16.0,12.0,1.879798658,67.0
84,5.0,11.0,1.479127517,67.0
85,5.0,9.0,0.878120805,67.0
86,27.0,14.0,0.530872483,67.0
87,5.0,6.0,0.944899329,66.0
88,48.0,13.0,0.023355705,66.0
89,46.0,12.0,0.410671141,66.0
90,27.0,15.0,0.637718121,66.0
91,58.0,13.0,0.744563758,66.0
92,18.0,11.0,1.011677852,66.0
93,43.0,14.0,0.864765101,65.0
94,42.0,10.0,0.584295302,65.0
95,15.0,4.0,0.677785235,65.0
96,51.0,13.0,0.958255034,65.0
97,27.0,15.0,0.811342282,65.0
98,3.0,12.0,1.198657718,65.0
99,11.0,14.0,1.065100671,65.0
100,7.0,5.0,0.904832215,65.0
101,37.0,15.0,0.330536913,64.0
102,22.0,10.0,0.424026846,64.0
103,39.0,15.0,0.130201342,64.0
104,59.0,10.0,0.998322148,64.0
105,39.0,12.0,0.504161074,64.0
106,10.0,6.0,0.944899329,64.0
107,17.0,15.0,1.011677852,64.0
108,34.0,16.0,0.036711409,63.0
109,12.0,8.0,0.744563758,63.0
110,8.0,15.0,1.412348993,63.0
111,50.0,12.0,0.904832215,63.0
112,64.0,16.0,0.517516779,62.0
113,53.0,12.0,0.450738255,62.0
114,33.0,10.0,0.303825503,62.0
115,39.0,11.0,0.183624161,61.0
116,64.0,14.0,0.370604027,60.0
117,55.0,10.0,0.624362416,60.0
118,39.0,16.0,0.223691275,60.0
119,25.0,13.0,0.771275168,60.0
120,6.0,16.0,1.212013423,59.0
121,20.0,8.0,0.46409396,59.0
122,33.0,13.0,0.290469799,59.0
123,56.0,12.0,0.21033557,58.0
124,20.0,10.0,1.57261745,58.0
125,39.0,12.0,0.624362416,58.0
126,57.0,14.0,0.904832215,58.0
127,26.0,9.0,0.771275168,57.0
128,13.0,10.0,1.946577181,57.0
129,61.0,8.0,0.21033557,57.0
130,55.0,16.0,0.170268456,56.0
131,11.0,12.0,1.77295302,56.0
132,31.0,4.0,0.864765101,56.0
133,30.0,12.0,0.46409396,55.0
134,52.0,9.0,0.050067114,55.0
135,14.0,6.0,1.038389262,55.0
136,53.0,8.0,0.651073826,55.0
137,15.0,11.0,1.77295302,54.0
138,5.0,6.0,1.959932886,54.0
139,3.0,14.0,1.198657718,54.0
140,40.0,7.0,0.811342282,54.0
141,38.0,13.0,0.357248322,53.0
142,60.0,11.0,0.450738255,53.0
143,32.0,8.0,0.383959732,53.0
144,57.0,4.0,0.517516779,53.0
145,41.0,5.0,0.878120805,53.0
146,14.0,10.0,1.652751678,53.0
147,5.0,6.0,1.038389262,53.0
148,51.0,5.0,0.651073826,53.0
149,13.0,16.0,1.532550336,52.0
150,4.0,11.0,1.666107383,52.0
151,43.0,7.0,0.130201342,52.0
152,14.0,5.0,1.105167785,52.0
153,34.0,3.0,0.838053691,52.0
154,44.0,3.0,0.090134228,52.0
155,37.0,12.0,0.864765101,51.0
156,14.0,4.0,2.0,51.0
157,3.0,9.0,1.492483221,51.0
158,17.0,11.0,1.11852349,51.0
159,17.0,4.0,1.505838926,51.0
160,45.0,11.0,0.504161074,51.0
161,15.0,5.0,2.0,51.0
162,21.0,16.0,0.677785235,51.0
163,19.0,5.0,1.131879195,50.0
164,45.0,6.0,0.46409396,50.0
165,34.0,13.0,0.918187919,50.0
166,32.0,13.0,0.584295302,50.0
167,15.0,6.0,1.305503356,50.0
168,64.0,8.0,0.958255034,50.0
169,7.0,3.0,1.786308725,50.0
170,10.0,7.0,1.986644295,50.0
171,49.0,16.0,0.477449664,50.0
172,8.0,5.0,1.185302013,50.0
173,14.0,9.0,1.559261745,50.0
174,7.0,9.0,1.77295302,49.0
175,16.0,6.0,1.425704698,49.0
176,1.0,12.0,1.732885906,49.0
177,4.0,9.0,1.238724832,49.0
178,59.0,9.0,0.397315436,49.0
179,9.0,3.0,1.212013423,49.0
180,46.0,16.0,0.370604027,49.0
181,55.0,8.0,0.744563758,49.0
182,17.0,7.0,1.425704698,49.0
183,51.0,4.0,0.584295302,49.0
184,17.0,14.0,1.158590604,49.0
185,11.0,9.0,1.813020134,49.0
186,40.0,3.0,0.397315436,49.0
187,6.0,7.0,1.158590604,49.0
188,16.0,3.0,1.185302013,49.0
189,25.0,16.0,0.89147651,49.0
190,60.0,4.0,0.624362416,49.0
191,61.0,14.0,0.383959732,49.0
192,36.0,4.0,0.290469799,49.0
193,21.0,6.0,0.931543624,49.0
194,31.0,9.0,0.717852349,49.0
195,62.0,11.0,0.263758389,48.0
196,18.0,5.0,1.986644295,48.0
197,20.0,15.0,1.479127517,48.0
198,3.0,4.0,1.599328859,48.0
199,29.0,7.0,0.757919463,48.0
200,1.0,5.0,1.839731544,48.0
201,63.0,4.0,0.063422819,48.0
202,10.0,6.0,1.198657718,48.0
203,13.0,9.0,1.171946309,48.0
204,11.0,7.0,1.412348993,48.0
205,18.0,5.0,1.398993289,48.0
206,9.0,11.0,1.412348993,48.0
207,57.0,15.0,0.196979866,48.0
208,61.0,3.0,0.651073826,48.0
209,17.0,3.0,1.839731544,47.0
210,15.0,13.0,1.278791946,47.0
211,50.0,10.0,0.130201342,47.0
212,21.0,13.0,0.784630872,47.0
213,61.0,16.0,0.597651007,47.0
214,4.0,7.0,1.011677852,47.0
215,47.0,3.0,0.984966443,47.0
216,37.0,7.0,0.530872483,47.0
217,16.0,14.0,1.933221477,47.0
218,22.0,10.0,0.317181208,47.0
219,61.0,5.0,0.878120805,47.0
220,6.0,6.0,1.519194631,47.0
221,10.0,5.0,1.559261745,46.0
222,12.0,3.0,1.666107383,46.0
223,23.0,12.0,0.971610738,46.0
224,33.0,5.0,0.343892617,46.0
225,13.0,3.0,1.986644295,46.0
226,55.0,11.0,0.504161074,46.0
227,62.0,7.0,0.023355705,46.0
228,20.0,4.0,1.425704698,46.0
229,19.0,6.0,1.839731544,46.0
230,10.0,8.0,1.946577181,46.0
231,37.0,3.0,0.01,46.0
232,47.0,13.0,0.637718121,46.0
233,48.0,6.0,0.998322148,46.0
234,3.0,13.0,1.786308725,46.0
235,14.0,9.0,1.612684564,46.0
236,55.0,8.0,0.277114094,46.0
237,9.0,10.0,1.31885906,46.0
238,15.0,6.0,1.666107383,46.0
239,22.0,8.0,0.517516779,45.0
240,55.0,3.0,0.290469799,45.0
241,4.0,7.0,1.626040268,45.0
242,16.0,4.0,1.706174497,45.0
243,34.0,12.0,0.637718121,45.0
244,10.0,9.0,1.492483221,45.0
245,57.0,11.0,0.757919463,45.0
246,30.0,7.0,0.517516779,45.0
247,8.0,14.0,1.158590604,45.0
248,55.0,10.0,0.771275168,45.0
249,21.0,14.0,0.277114094,44.0
250,37.0,5.0,0.904832215,44.0
251,42.0,16.0,0.677785235,44.0
252,16.0,10.0,1.626040268,44.0
253,45.0,12.0,0.944899329,44.0
254,24.0,7.0,0.797986577,44.0
255,33.0,3.0,0.090134228,44.0
256,46.0,4.0,0.277114094,44.0
257,42.0,7.0,0.090134228,44.0
258,31.0,5.0,0.651073826,44.0
259,46.0,15.0,0.717852349,43.0
260,38.0,9.0,0.878120805,43.0
261,48.0,11.0,0.530872483,43.0
262,1.0,5.0,0.397315436,43.0
263,30.0,9.0,0.21033557,43.0
264,14.0,8.0,1.038389262,43.0
265,28.0,16.0,0.677785235,43.0
266,12.0,6.0,1.372281879,43.0
267,41.0,4.0,0.530872483,42.0
268,64.0,14.0,0.050067114,42.0
269,26.0,6.0,0.984966443,42.0
270,20.0,10.0,1.559261745,42.0
271,8.0,9.0,1.252080537,42.0
272,33.0,12.0,0.838053691,42.0
273,32.0,9.0,0.383959732,42.0
274,17.0,11.0,1.34557047,42.0
275,49.0,14.0,0.811342282,42.0
276,3.0,13.0,1.933221477,42.0
277,10.0,11.0,1.212013423,42.0
278,16.0,13.0,1.612684564,41.0
279,60.0,16.0,0.998322148,41.0
280,60.0,9.0,0.023355705,41.0
281,8.0,14.0,1.305503356,41.0
282,30.0,5.0,0.611006711,41.0
283,49.0,4.0,0.130201342,41.0
284,53.0,9.0,0.517516779,41.0
285,29.0,12.0,0.383959732,41.0
286,9.0,9.0,1.34557047,40.0
287,47.0,8.0,0.797986577,40.0
288,25.0,6.0,0.744563758,40.0
289,3.0,6.0,1.34557047,40.0
290,49.0,6.0,0.744563758,40.0
291,43.0,7.0,0.063422819,39.0
292,32.0,5.0,0.904832215,38.0
293,46.0,3.0,0.918187919,38.0
294,38.0,5.0,0.878120805,38.0
295,32.0,5.0,0.624362416,38.0
296,22.0,11.0,1.77295302,37.0
297,23.0,12.0,0.517516779,37.0
298,38.0,12.0,0.824697987,37.0
299,32.0,6.0,0.784630872,37.0
300,56.0,7.0,0.69114094,37.0
301,50.0,5.0,0.731208054,37.0
302,56.0,5.0,0.477449664,36.0
303,60.0,8.0,0.263758389,36.0
304,44.0,15.0,1.786308725,36.0
305,59.0,5.0,0.21033557,36.0
306,28.0,4.0,0.864765101,36.0
307,45.0,12.0,1.225369128,35.0
308,24.0,6.0,0.838053691,35.0
309,27.0,5.0,0.076778523,35.0
310,29.0,9.0,0.878120805,35.0
311,58.0,15.0,1.078456376,35.0
312,29.0,5.0,0.797986577,35.0
313,51.0,9.0,0.824697987,34.0
314,51.0,3.0,0.370604027,34.0
315,51.0,14.0,1.238724832,34.0
316,51.0,8.0,0.66442953,34.0
317,61.0,6.0,0.170268456,33.0
318,27.0,9.0,0.918187919,33.0
319,51.0,5.0,0.156912752,33.0
320,55.0,8.0,0.677785235,33.0
321,33.0,11.0,1.11852349,33.0
322,46.0,5.0,0.931543624,33.0
323,36.0,13.0,1.706174497,32.0
324,30.0,13.0,1.131879195,32.0
325,22.0,6.0,0.624362416,32.0
326,21.0,13.0,1.906510067,31.0
327,61.0,6.0,0.584295302,31.0
328,51.0,10.0,1.265436242,31.0
329,64.0,14.0,1.906510067,30.0
330,54.0,13.0,1.719530201,30.0
331,21.0,13.0,1.252080537,30.0
332,23.0,14.0,1.973288591,30.0
333,25.0,4.0,0.904832215,30.0
334,54.0,3.0,0.156912752,29.0
335,48.0,10.0,1.025033557,29.0
336,52.0,7.0,0.397315436,29.0
337,60.0,6.0,0.757919463,29.0
338,34.0,7.0,0.69114094,29.0
339,61.0,8.0,0.971610738,28.0
340,22.0,12.0,1.959932886,28.0
341,49.0,3.0,0.530872483,28.0
342,51.0,3.0,0.290469799,28.0
343,53.0,9.0,0.01,28.0
344,29.0,8.0,0.076778523,28.0
345,36.0,14.0,1.839731544,28.0
346,43.0,13.0,1.425704698,28.0
347,59.0,16.0,1.639395973,27.0
348,22.0,9.0,0.156912752,27.0
349,56.0,5.0,0.744563758,27.0
350,34.0,8.0,0.517516779,27.0
351,51.0,9.0,0.984966443,27.0
352,45.0,8.0,0.717852349,27.0
353,35.0,10.0,1.038389262,27.0
354,45.0,4.0,0.731208054,27.0
355,43.0,12.0,1.746241611,27.0
356,61.0,5.0,0.357248322,27.0
357,63.0,15.0,1.959932886,26.0
358,24.0,14.0,1.398993289,26.0
359,22.0,5.0,0.277114094,26.0
360,61.0,4.0,0.23704698,26.0
361,49.0,5.0,0.944899329,26.0
362,34.0,3.0,0.878120805,26.0
363,47.0,5.0,0.410671141,26.0
364,48.0,5.0,0.343892617,26.0
365,44.0,11.0,1.79966443,26.0
366,50.0,12.0,1.959932886,26.0
367,24.0,5.0,0.677785235,26.0
368,41.0,12.0,1.385637584,25.0
369,42.0,10.0,1.385637584,25.0
370,39.0,3.0,0.317181208,25.0
371,53.0,12.0,1.439060403,24.0
372,38.0,8.0,0.918187919,24.0
373,40.0,11.0,1.492483221,24.0
374,50.0,9.0,0.784630872,24.0
375,27.0,9.0,0.504161074,24.0
376,35.0,7.0,0.410671141,24.0
377,43.0,10.0,1.559261745,24.0
378,44.0,9.0,0.343892617,23.0
379,27.0,7.0,0.090134228,23.0
380,25.0,7.0,0.130201342,23.0
381,21.0,4.0,1.532550336,23.0
382,40.0,15.0,1.131879195,23.0
383,29.0,10.0,1.652751678,23.0
384,60.0,8.0,1.933221477,22.0
385,54.0,6.0,1.265436242,22.0
386,63.0,8.0,1.79966443,22.0
387,29.0,9.0,1.652751678,22.0
388,59.0,15.0,1.465771812,22.0
389,64.0,16.0,1.439060403,22.0
390,36.0,10.0,1.171946309,22.0
391,50.0,8.0,1.879798658,22.0
392,54.0,8.0,1.078456376,22.0
393,38.0,5.0,1.54590604,22.0
394,41.0,8.0,0.317181208,22.0
395,40.0,6.0,1.813020134,22.0
396,59.0,6.0,0.036711409,22.0
397,57.0,13.0,2.0,21.0
398,64.0,9.0,1.185302013,21.0
399,24.0,9.0,1.358926174,21.0
400,57.0,11.0,1.078456376,21.0
401,40.0,6.0,1.57261745,21.0
402,63.0,11.0,2.0,21.0
403,46.0,9.0,1.893154362,21.0
404,47.0,15.0,1.452416107,21.0
405,55.0,10.0,1.706174497,21.0
406,25.0,16.0,1.452416107,21.0
407,35.0,3.0,1.532550336,21.0
408,33.0,14.0,1.252080537,21.0
409,53.0,12.0,1.212013423,21.0
410,52.0,16.0,1.906510067,21.0
411,62.0,15.0,1.612684564,20.0
412,31.0,9.0,1.238724832,20.0
413,64.0,12.0,1.492483221,20.0
414,43.0,4.0,1.31885906,19.0
415,53.0,9.0,1.305503356,19.0
416,52.0,5.0,1.252080537,19.0
417,38.0,10.0,1.626040268,19.0
418,40.0,11.0,1.011677852,19.0
419,55.0,16.0,1.786308725,19.0
420,31.0,5.0,1.252080537,19.0
421,36.0,9.0,1.79966443,19.0
422,59.0,14.0,1.278791946,19.0
423,23.0,6.0,0.984966443,19.0
424,52.0,15.0,1.305503356,18.0
425,31.0,16.0,1.505838926,18.0
426,50.0,12.0,1.826375839,18.0
427,62.0,6.0,1.826375839,18.0
428,48.0,12.0,1.332214765,18.0
429,64.0,8.0,1.986644295,18.0
430,59.0,9.0,1.826375839,18.0
431,60.0,3.0,1.105167785,18.0
432,31.0,8.0,1.278791946,18.0
433,31.0,11.0,1.826375839,18.0
434,42.0,4.0,1.252080537,17.0
435,29.0,15.0,1.372281879,17.0
436,61.0,16.0,1.198657718,17.0
437,23.0,14.0,1.278791946,17.0
438,23.0,3.0,1.719530201,17.0
439,24.0,7.0,1.679463087,17.0
440,59.0,16.0,1.746241611,17.0
441,25.0,4.0,1.839731544,17.0
442,32.0,7.0,1.946577181,17.0
443,28.0,7.0,1.786308725,17.0
444,62.0,3.0,1.11852349,16.0
445,49.0,3.0,1.879798658,16.0
446,51.0,8.0,1.933221477,16.0
447,22.0,8.0,1.011677852,16.0
448,29.0,6.0,1.158590604,16.0
449,34.0,11.0,1.332214765,16.0
450,35.0,11.0,1.652751678,16.0
451,23.0,3.0,1.679463087,16.0
452,56.0,7.0,1.131879195,16.0
453,55.0,11.0,1.906510067,16.0
454,33.0,8.0,1.078456376,16.0
455,53.0,4.0,1.933221477,16.0
456,43.0,5.0,1.639395973,16.0
457,35.0,8.0,1.171946309,16.0
458,44.0,5.0,1.439060403,16.0
459,58.0,11.0,1.906510067,16.0
460,30.0,10.0,1.252080537,16.0
461,64.0,12.0,1.011677852,15.0
462,31.0,5.0,1.759597315,15.0
463,32.0,13.0,1.679463087,15.0
464,45.0,7.0,1.185302013,15.0
465,52.0,9.0,1.465771812,15.0
466,60.0,16.0,1.853087248,15.0
467,42.0,10.0,1.452416107,15.0
468,39.0,6.0,1.813020134,15.0
469,54.0,15.0,1.839731544,15.0
470,61.0,16.0,1.051744966,15.0
471,29.0,13.0,1.933221477,14.0
472,45.0,4.0,1.826375839,14.0
473,50.0,7.0,1.025033557,14.0
474,23.0,10.0,2.0,14.0
475,64.0,15.0,1.639395973,14.0
476,51.0,9.0,1.011677852,13.0
477,44.0,9.0,1.452416107,13.0
478,33.0,7.0,1.946577181,13.0
479,52.0,16.0,1.946577181,13.0
480,41.0,5.0,1.332214765,13.0
481,42.0,5.0,1.011677852,12.0
482,45.0,12.0,1.879798658,12.0
483,34.0,4.0,1.986644295,12.0
484,34.0,15.0,1.732885906,12.0
485,25.0,8.0,1.57261745,11.0
486,41.0,9.0,1.79966443,11.0
487,45.0,7.0,1.54590604,11.0
488,53.0,3.0,1.79966443,11.0
489,53.0,6.0,1.332214765,11.0
490,52.0,16.0,1.585973154,10.0
491,54.0,5.0,1.078456376,10.0
492,56.0,10.0,1.919865772,10.0
493,31.0,3.0,1.959932886,10.0
494,22.0,3.0,1.398993289,10.0
495,40.0,4.0,1.626040268,10.0
496,26.0,6.0,1.839731544,10.0
497,58.0,4.0,1.786308725,10.0
498,44.0,8.0,1.599328859,10.0
499,27.0,6.0,1.372281879,10.0
