data_values,time
-0.0069698435254395,0.0
-0.0079529024660587,4.5351473922902495e-05
-0.0089034596458077,9.070294784580499e-05
-0.0097983526065945,0.00013605442176870748
-0.0106165157631039,0.00018140589569160998
-0.0113400034606456,0.00022675736961451248
-0.0119547536596655,0.00027210884353741496
-0.0124512240290641,0.00031746031746031746
-0.0128247942775487,0.00036281179138321996
-0.0130758127197623,0.00040816326530612246
-0.0132094928994774,0.00045351473922902497
-0.0132355149835348,0.0004988662131519275
-0.0131673729047179,0.0005442176870748299
-0.0130215818062424,0.0005895691609977325
-0.0128167010843753,0.0006349206349206349
-0.0125723136588931,0.0006802721088435374
-0.0123079903423786,0.0007256235827664399
-0.0120422774925827,0.0007709750566893424
-0.0117917982861399,0.0008163265306122449
-0.011570518836379,0.0008616780045351474
-0.011389160528779,0.0009070294784580499
-0.0112548917531967,0.0009523809523809524
-0.0111712189391255,0.000997732426303855
-0.0111380498856306,0.0010430839002267573
-0.0111520532518625,0.0010884353741496598
-0.0112071372568607,0.0011337868480725624
-0.011295061558485,0.001179138321995465
-0.0114061841741204,0.0012244897959183673
-0.0115301962941885,0.0012698412698412698
-0.0116568710654973,0.0013151927437641724
-0.0117767499759793,0.0013605442176870747
-0.0118817137554287,0.0014058956916099773
-0.0119654554873704,0.0014512471655328798
-0.012023726478219,0.0014965986394557824
-0.0120544834062457,0.0015419501133786847
-0.0120578268542885,0.0015873015873015873
-0.0120358252897858,0.0016326530612244899
-0.0119921509176492,0.0016780045351473922
-0.0119317136704921,0.0017233560090702948
-0.0118601331487298,0.0017687074829931973
-0.0117832636460661,0.0018140589569160999
-0.0117067033424973,0.0018594104308390022
-0.0116353947669267,0.0019047619047619048
-0.0115732466802001,0.0019501133786848073
-0.0115229161456227,0.00199546485260771
-0.0114857042208313,0.0020408163265306124
-0.0114615326747298,0.0020861678004535146
-0.0114490892738103,0.002131519274376417
-0.0114460373297333,0.0021768707482993197
-0.0114492969587445,0.0022222222222222222
-0.0114553961902856,0.0022675736961451248
-0.0114608583971858,0.0023129251700680273
-0.0114624928683042,0.00235827664399093
-0.0114577552303671,0.002403628117913832
-0.0114449383690953,0.0024489795918367346
-0.0114233801141381,0.002494331065759637
-0.011393466964364,0.0025396825396825397
-0.0113566210493445,0.0025850340136054422
-0.0113151744008064,0.002630385487528345
-0.0112721174955368,0.0026757369614512473
-0.0112308524549007,0.0027210884353741495
-0.0111948493868112,0.002766439909297052
-0.0111673437058925,0.0028117913832199546
-0.0111509915441274,0.002857142857142857
-0.0111476248130202,0.0029024943310657597
-0.0111580099910497,0.0029478458049886623
-0.0111817410215735,0.002993197278911565
-0.0112171815708279,0.003038548752834467
-0.0112615395337343,0.0030839002267573695
-0.0113109564408659,0.003129251700680272
-0.0113608185201883,0.0031746031746031746
-0.011405935510993,0.003219954648526077
-0.0114409485831856,0.0032653061224489797
-0.0114606078714132,0.0033106575963718823
-0.011460174806416,0.0033560090702947844
-0.0114356651902198,0.003401360544217687
-0.0113841518759727,0.0034467120181405895
-0.0113039100542664,0.003492063492063492
-0.0111945373937487,0.0035374149659863946
-0.0110569670796394,0.003582766439909297
-0.0108933951705694,0.0036281179138321997
-0.0107071185484528,0.003673469387755102
-0.0105023272335529,0.0037188208616780044
-0.010283825919032,0.003764172335600907
-0.0100567610934376,0.0038095238095238095
-0.0098263109102845,0.003854875283446712
-0.0095973759889602,0.0039002267573696146
-0.0093743596225976,0.003945578231292517
-0.0091609340161085,0.00399092970521542
-0.0089599024504423,0.004036281179138322
-0.0087731275707483,0.004081632653061225
-0.0086015043780207,0.004126984126984127
-0.008445044979453,0.004172335600907029
-0.0083029605448246,0.004217687074829932
-0.0081738615408539,0.004263038548752834
-0.0080559002235531,0.004308390022675737
-0.007947034202516,0.004353741496598639
-0.0078451475128531,0.004399092970521542
-0.0077482904307544,0.0044444444444444444
-0.0076547916978597,0.004489795918367347
-0.0075633800588548,0.0045351473922902496
-0.0074732080101966,0.004580498866213152
-0.0073838522657752,0.004625850340136055
-0.0072952820919454,0.004671201814058957
-0.0072077699005603,0.00471655328798186
-0.0071217734366655,0.004761904761904762
-0.0070377811789512,0.004807256235827664
-0.0069561903364956,0.004852607709750567
-0.006877155508846,0.004897959183673469
-0.0068004871718585,0.004943310657596372
-0.006725572515279,0.004988662131519274
-0.0066513083875179,0.005034013605442177
-0.0065761040896177,0.005079365079365079
-0.0064979433082044,0.005124716553287982
-0.0064144483767449,0.0051700680272108845
-0.0063230167143046,0.005215419501133787
-0.0062209423631429,0.00526077097505669
-0.0061055794358253,0.005306122448979592
-0.0059744962491095,0.005351473922902495
-0.0058256238698959,0.005396825396825397
-0.0056573883630335,0.005442176870748299
-0.0054687825031578,0.0054875283446712015
-0.0052594197914004,0.005532879818594104
-0.0050295828841626,0.005578231292517007
-0.0047801691107451,0.005623582766439909
-0.0045126494951546,0.005668934240362812
-0.0042289616540074,0.005714285714285714
-0.0039313961751759,0.005759637188208617
-0.0036224524956196,0.005804988662131519
-0.0033047122415155,0.005850340136054422
-0.002980708843097,0.0058956916099773245
-0.0026527806185185,0.005941043083900227
-0.0023229757789522,0.00598639455782313
-0.0019930014386773,0.006031746031746032
-0.0016641799593344,0.006077097505668934
-0.0013374384725466,0.006122448979591836
-0.001013335888274,0.006167800453514739
-0.0006921053281985,0.0062131519274376415
-0.0003737312799785,0.006258503401360544
-5.802237865282223e-05,0.006303854875283447
0.000255284976447,0.006349206349206349
0.0005664761411026,0.006394557823129252
0.000875789206475,0.006439909297052154
0.001183335785754,0.006485260770975057
0.0014890804886817,0.006530612244897959
0.0017928277375176,0.006575963718820862
0.0020942371338605,0.0066213151927437645
0.0023928529117256,0.006666666666666667
0.002688149921596,0.006712018140589569
0.0029795912560075,0.006757369614512471
0.003266678424552,0.006802721088435374
0.0035490372683852,0.0068480725623582765
0.0038264680188149,0.006893424036281179
0.0040989676490426,0.0069387755102040816
0.0043667489662766,0.006984126984126984
0.0046302494592964,0.007029478458049887
0.0048901219852268,0.007074829931972789
0.0051471795886754,0.007120181405895692
0.005402369890362,0.007165532879818594
0.0056566842831671,0.007210884353741497
0.0059111095033586,0.0072562358276643995
0.0061665535904467,0.007301587301587302
0.0064238123595714,0.007346938775510204
0.0066834911704063,0.007392290249433106
0.0069459700025618,0.007437641723356009
0.0072114011272788,0.007482993197278911
0.0074796946719288,0.007528344671201814
0.0077505428344011,0.0075736961451247165
0.0080234669148921,0.007619047619047619
0.008297836408019,0.007664399092970522
0.0085729165002703,0.007709750566893424
0.0088479751721024,0.007755102040816327
0.0091222850605845,0.007800453514739229
0.0093951588496565,0.007845804988662131
0.0096660163253545,0.007891156462585034
0.0099343592301011,0.007936507936507936
0.0101997908204793,0.00798185941043084
0.0104619907215237,0.008027210884353741
0.010720670223236,0.008072562358276645
0.0109755545854568,0.008117913832199546
0.0112263085320591,0.00816326530612245
0.0114725148305296,0.008208616780045351
0.0117136361077427,0.008253968253968255
0.011948961764574,0.008299319727891157
0.0121776144951581,0.008344671201814058
0.0123985381796956,0.008390022675736962
0.0126105453819036,0.008435374149659863
0.0128123443573713,0.008480725623582767
0.0130026079714298,0.008526077097505668
0.013180055655539,0.008571428571428572
0.0133435344323515,0.008616780045351474
0.0134921036660671,0.008662131519274377
0.0136251198127865,0.008707482993197279
0.013742309063673,0.008752834467120182
0.0138438073918223,0.008798185941043084
0.0139301614835858,0.008843537414965987
0.0140023399144411,0.008888888888888889
0.0140616977587342,0.00893424036281179
0.0141098788008093,0.008979591836734694
0.014148742891848,0.009024943310657596
0.0141802178695797,0.009070294784580499
0.01420618314296,0.0091156462585034
0.0142283253371715,0.009160997732426304
0.0142479920759797,0.009206349206349206
0.0142660634592175,0.00925170068027211
0.0142828524112701,0.009297052154195011
0.0142980348318815,0.009342403628117914
0.0143106263130903,0.009387755102040816
0.0143189746886491,0.00943310657596372
0.0143208177760243,0.009478458049886621
0.0143133839592337,0.009523809523809525
0.0142935095354914,0.009569160997732426
0.0142578352242708,0.009614512471655328
0.014202912338078,0.009659863945578231
0.0141254598274827,0.009705215419501133
0.0140225170180201,0.009750566893424037
0.0138916037976741,0.009795918367346938
0.013730876147747,0.009841269841269842
0.0135392127558588,0.009886621315192743
0.0133163016289472,0.009931972789115647
0.0130626009777188,0.009977324263038548
0.0127793475985527,0.010022675736961452
0.0124684544280171,0.010068027210884354
0.0121323755010962,0.010113378684807257
0.011773919686675,0.010158730158730159
0.0113961016759276,0.01020408163265306
0.0110019035637378,0.010249433106575964
0.0105941016227006,0.010294784580498866
0.0101750437170267,0.010340136054421769
0.0097465254366397,0.01038548752834467
0.0093096336349844,0.010430839002267574
0.0088646728545427,0.010476190476190476
0.0084111699834465,0.01052154195011338
0.0079478425905108,0.01056689342403628
0.0074726943857967,0.010612244897959184
0.0069831437431275,0.010657596371882086
0.0064761703833937,0.01070294784580499
0.0059484881348907,0.010748299319727891
0.0053967605344951,0.010793650793650795
0.0048178010620176,0.010839002267573696
0.0042087575420737,0.010884353741496598
0.0035672998055815,0.010929705215419501
0.0028917482122778,0.010975056689342403
0.0021811758633702,0.011020408163265306
0.0014354658778756,0.011065759637188208
0.0006553070270456,0.011111111111111112
-0.0001578421506565,0.011156462585034013
-0.0010018463945016,0.011201814058956917
-0.001874016248621,0.011247165532879818
-0.0027712644077837,0.011292517006802722
-0.0036902828142046,0.011337868480725623
-0.0046277130022645,0.011383219954648527
-0.0055803293362259,0.011428571428571429
-0.0065451995469629,0.01147392290249433
-0.0075198132544755,0.011519274376417234
-0.0085021900013089,0.011564625850340135
-0.0094909388571977,0.011609977324263039
-0.0104852858930826,0.01165532879818594
-0.0114850625395774,0.011700680272108844
-0.0124906310811638,0.011746031746031746
-0.0135028287768363,0.011791383219954649
-0.0145228328183293,0.01183673469387755
-0.0155520578846335,0.011882086167800454
-0.0165919940918684,0.011927437641723356
-0.0176441203802824,0.01197278911564626
-0.0187097508460283,0.012018140589569161
-0.0197899527847766,0.012063492063492064
-0.0208854991942644,0.012108843537414966
-0.0219967849552631,0.012154195011337868
-0.0231238678097724,0.012199546485260771
-0.024266418069601,0.012244897959183673
-0.0254238601773977,0.012290249433106576
-0.0265953093767166,0.012335600907029478
-0.0277797896414995,0.012380952380952381
-0.0289762336760759,0.012426303854875283
-0.0301835741847753,0.012471655328798186
-0.0314008481800556,0.012517006802721088
-0.0326272286474704,0.012562358276643992
-0.0338620729744434,0.012607709750566893
-0.0351049788296222,0.012653061224489797
-0.036355622112751,0.012698412698412698
-0.0376139096915721,0.0127437641723356
-0.0388797745108604,0.012789115646258504
-0.0401531681418418,0.012834467120181405
-0.0414339192211627,0.012879818594104309
-0.0427217036485672,0.01292517006802721
-0.0440158322453498,0.012970521541950114
-0.0453152917325496,0.013015873015873015
-0.0466186068952083,0.013061224489795919
-0.0479238741099834,0.01310657596371882
-0.0492286831140518,0.013151927437641724
-0.0505301803350448,0.013197278911564626
-0.0518251098692417,0.013242630385487529
-0.0531100369989872,0.01328798185941043
-0.0543812029063701,0.013333333333333334
-0.0556348823010921,0.013378684807256236
-0.0568675063550472,0.013424036281179138
-0.0580757334828376,0.013469387755102041
-0.059256587177515,0.013514739229024943
-0.060407742857933,0.013560090702947846
-0.0615274347364902,0.013605442176870748
-0.0626146346330642,0.013650793650793651
-0.0636691600084304,0.013696145124716553
-0.0646913722157478,0.013741496598639456
-0.0656824931502342,0.013786848072562358
-0.0666442587971687,0.013832199546485261
-0.0675790160894393,0.013877551020408163
-0.0684892013669014,0.013922902494331067
-0.069377563893795,0.013968253968253968
-0.0702468380331993,0.01401360544217687
-0.0710993409156799,0.014058956916099773
-0.0719371810555458,0.014104308390022675
-0.0727618485689163,0.014149659863945578
-0.0735741257667541,0.01419501133786848
-0.0743739604949951,0.014240362811791384
-0.0751605704426765,0.014285714285714285
-0.0759323462843895,0.014331065759637189
-0.0766867324709892,0.01437641723356009
-0.0774207115173339,0.014421768707482994
-0.0781303793191909,0.014467120181405895
-0.0788115710020065,0.014512471655328799
-0.0794597715139389,0.0145578231292517
-0.080070324242115,0.014603174603174604
-0.0806387290358543,0.014648526077097506
-0.0811607539653778,0.014693877551020407
-0.0816325023770332,0.01473922902494331
-0.0820507779717445,0.014784580498866213
-0.0824128985404968,0.014829931972789116
-0.082717128098011,0.014875283446712018
-0.0829624161124229,0.014920634920634921
-0.0831485018134117,0.014965986394557823
-0.0832759141921997,0.015011337868480726
-0.0833461284637451,0.015056689342403628
-0.0833610296249389,0.015102040816326531
-0.0833230763673782,0.015147392290249433
-0.08323535323143,0.015192743764172336
-0.0831010267138481,0.015238095238095238
-0.0829236730933189,0.01528344671201814
-0.0827067270874977,0.015328798185941043
-0.0824539363384246,0.015374149659863945
-0.0821686163544654,0.015419501133786848
-0.0818541944026947,0.01546485260770975
-0.0815137401223182,0.015510204081632653
-0.0811501368880271,0.015555555555555555
-0.0807660594582557,0.015600907029478459
-0.0803638100624084,0.015646258503401362
-0.0799456536769867,0.015691609977324262
-0.0795133486390113,0.015736961451247165
-0.0790686756372451,0.01578231292517007
-0.0786132216453552,0.015827664399092972
-0.0781481713056564,0.015873015873015872
-0.0776745751500129,0.015918367346938776
-0.0771936550736427,0.01596371882086168
-0.0767060369253158,0.01600907029478458
-0.0762123242020607,0.016054421768707482
-0.0757130160927772,0.016099773242630386
-0.0752081573009491,0.01614512471655329
-0.074697658419609,0.01619047619047619
-0.0741811916232109,0.016235827664399093
-0.0736580267548561,0.016281179138321996
-0.0731272846460342,0.0163265306122449
-0.0725877434015274,0.0163718820861678
-0.0720380470156669,0.016417233560090703
-0.0714765861630439,0.016462585034013606
-0.0709015876054763,0.01650793650793651
-0.0703113079071044,0.01655328798185941
-0.0697039142251014,0.016598639455782313
-0.0690777003765106,0.016643990929705216
-0.0684310421347618,0.016689342403628116
-0.0677627101540565,0.01673469387755102
-0.0670715719461441,0.016780045351473923
-0.0663570687174797,0.016825396825396827
-0.0656189322471618,0.016870748299319727
-0.0648573413491249,0.01691609977324263
-0.0640729889273643,0.016961451247165533
-0.0632669255137443,0.017006802721088437
-0.0624406300485134,0.017052154195011337
-0.0615958385169506,0.01709750566893424
-0.0607345551252365,0.017142857142857144
-0.0598589777946472,0.017188208616780044
-0.0589713007211685,0.017233560090702947
-0.0580736473202705,0.01727891156462585
-0.0571680963039398,0.017324263038548754
-0.0562563985586166,0.017369614512471654
-0.0553399659693241,0.017414965986394557
-0.0544197969138622,0.01746031746031746
-0.0534964092075824,0.017505668934240364
-0.0525697991251945,0.017551020408163264
-0.0516393855214118,0.017596371882086168
-0.050704188644886,0.01764172335600907
-0.0497626140713691,0.017687074829931974
-0.048812698572874,0.017732426303854874
-0.0478521548211574,0.017777777777777778
-0.0468783639371395,0.01782312925170068
-0.0458885394036769,0.01786848072562358
-0.0448797941207885,0.017913832199546485
-0.0438492447137832,0.017959183673469388
-0.0427941009402275,0.01800453514739229
-0.0417117029428482,0.01804988662131519
-0.0405996590852737,0.018095238095238095
-0.0394558645784854,0.018140589569160998
-0.0382783971726894,0.0181859410430839
-0.0370658040046691,0.0182312925170068
-0.0358168333768844,0.018276643990929705
-0.0345305278897285,0.01832199546485261
-0.0332061722874641,0.018367346938775512
-0.0318430811166763,0.018412698412698412
-0.0304407440125942,0.018458049886621315
-0.0289986189454793,0.01850340136054422
-0.0275160986930131,0.01854875283446712
-0.0259923562407493,0.018594104308390022
-0.0244263857603073,0.018639455782312925
-0.0228169318288564,0.01868480725623583
-0.021162424236536,0.01873015873015873
-0.0194609221071004,0.018775510204081632
-0.0177101530134677,0.018820861678004536
-0.0159075781702995,0.01886621315192744
-0.0140503104776144,0.01891156462585034
-0.0121352896094322,0.018956916099773242
-0.0101592857390642,0.019002267573696146
-0.0081189861521124,0.01904761904761905
-0.0060111200436949,0.01909297052154195
-0.003832604503259,0.019138321995464853
-0.0015805383445695,0.019183673469387756
0.0007476430037058,0.019229024943310656
0.0031540850177407,0.01927437641723356
0.0056404476054012,0.019319727891156463
0.008207831531763,0.019365079365079366
0.0108567364513874,0.019410430839002266
0.0135870371013879,0.01945578231292517
0.0163979809731245,0.019501133786848073
0.0192881841212511,0.019546485260770977
0.0222556237131357,0.019591836734693877
0.0252976957708597,0.01963718820861678
0.0284113623201847,0.019682539682539683
0.0315930657088756,0.019727891156462583
0.0348389148712158,0.019773242630385487
0.0381447412073612,0.01981859410430839
0.0415061078965663,0.019863945578231294
0.044918518513441,0.019909297052154194
0.0483772866427898,0.019954648526077097
0.0518778711557388,0.02
0.0554156154394149,0.020045351473922904
0.0589859634637832,0.020090702947845804
0.0625845566391944,0.020136054421768707
0.0662069991230964,0.02018140589569161
0.0698491930961608,0.020226757369614514
0.073506973683834,0.020272108843537414
0.0771764069795608,0.020317460317460317
0.0808535441756248,0.02036281179138322
0.0845343992114067,0.02040816326530612
0.0882151424884796,0.020453514739229024
0.0918916910886764,0.020498866213151928
0.0955597981810569,0.02054421768707483
0.0992152616381645,0.02058956916099773
0.1028535515069961,0.020634920634920634
0.106469877064228,0.020680272108843538
0.1100592613220214,0.02072562358276644
0.1136162206530571,0.02077097505668934
0.1171352863311767,0.020816326530612245
0.1206104308366775,0.020861678004535148
0.1240354478359222,0.02090702947845805
0.1274038553237915,0.02095238095238095
0.1307087391614914,0.020997732426303855
0.1339433342218399,0.02104308390022676
0.1371005177497863,0.02108843537414966
0.1401730626821518,0.02113378684807256
0.1431540697813034,0.021179138321995465
0.1460361927747726,0.02122448979591837
0.1488126814365387,0.02126984126984127
0.1514768451452255,0.021315192743764172
0.1540223807096481,0.021360544217687075
0.1564431488513946,0.02140589569160998
0.1587337255477905,0.02145124716553288
0.1608888804912567,0.021496598639455782
0.1629038453102111,0.021541950113378686
0.1647749245166778,0.02158730158730159
0.1664980351924896,0.02163265306122449
0.1680704057216644,0.021678004535147392
0.1694892942905426,0.021723356009070296
0.1707523763179779,0.021768707482993196
0.1718577444553375,0.0218140589569161
0.1728039532899856,0.021859410430839003
0.1735896170139312,0.021904761904761906
0.1742133647203445,0.021950113378684806
0.174674242734909,0.02199546485260771
0.1749710738658905,0.022040816326530613
0.1751028448343277,0.022086167800453516
0.1750684380531311,0.022131519274376416
0.1748667359352111,0.02217687074829932
0.1744963824748993,0.022222222222222223
0.173956349492073,0.022267573696145123
0.1732452362775802,0.022312925170068026
0.1723619848489761,0.02235827664399093
0.1713054329156875,0.022403628117913833
0.1700748056173324,0.022448979591836733
0.1686692237854004,0.022494331065759637
0.1670886278152465,0.02253968253968254
0.1653329282999038,0.022585034013605444
0.163402646780014,0.022630385487528343
0.1612987518310547,0.022675736961451247
0.1590226888656616,0.02272108843537415
0.1565763056278228,0.022766439909297054
0.1539623588323593,0.022811791383219954
0.1511836498975753,0.022857142857142857
0.1482437252998352,0.02290249433106576
0.145146369934082,0.02294784580498866
0.1418956667184829,0.022993197278911564
0.1384962350130081,0.023038548752834467
0.1349527537822723,0.02308390022675737
0.131270095705986,0.02312925170068027
0.1274531930685043,0.023174603174603174
0.123507410287857,0.023219954648526078
0.1194377690553665,0.02326530612244898
0.1152497082948684,0.02331065759637188
0.1109485775232315,0.023356009070294784
0.1065399348735809,0.023401360544217688
0.1020292937755584,0.02344671201814059
0.097422644495964,0.02349206349206349
0.0927259624004364,0.023537414965986395
0.0879455655813217,0.023582766439909298
0.0830879211425781,0.023628117913832198
0.0781600549817085,0.0236734693877551
0.0731690749526023,0.023718820861678005
0.068122312426567,0.023764172335600908
0.0630275607109069,0.023809523809523808
0.0578926764428615,0.02385487528344671
0.0527256205677986,0.023900226757369615
0.0475344024598598,0.02394557823129252
0.0423269979655742,0.02399092970521542
0.0371111631393432,0.024036281179138322
0.0318944081664085,0.024081632653061225
0.0266838707029819,0.02412698412698413
0.0214862655848264,0.02417233560090703
0.0163077265024185,0.024217687074829932
0.0111538302153348,0.024263038548752835
0.0060295513831079,0.024308390022675735
0.0009392463252879,0.02435374149659864
-0.0041133426129817,0.024399092970521542
-0.0091250203549861,0.024444444444444446
-0.0140930991619825,0.024489795918367346
-0.0190153140574693,0.02453514739229025
-0.0238897278904914,0.024580498866213153
-0.0287146549671888,0.024625850340136056
-0.0334885604679584,0.024671201814058956
-0.0382099784910678,0.02471655328798186
-0.0428774543106555,0.024761904761904763
-0.0474894568324089,0.024807256235827663
-0.0520443730056285,0.024852607709750566
-0.056540410965681,0.02489795918367347
-0.060975719243288,0.024943310657596373
-0.0653482750058174,0.024988662131519273
-0.0696559399366378,0.025034013605442176
-0.0738966166973114,0.02507936507936508
-0.0780680105090141,0.025124716553287983
-0.0821681842207908,0.025170068027210883
-0.0861951112747192,0.025215419501133787
-0.0901469364762306,0.02526077097505669
-0.0940220952033996,0.025306122448979593
-0.0978192687034607,0.025351473922902493
-0.1015373617410659,0.025396825396825397
-0.1051756739616394,0.0254421768707483
-0.1087337136268615,0.0254875283446712
-0.1122113764286041,0.025532879818594104
-0.1156086772680282,0.025578231292517007
-0.1189261227846145,0.02562358276643991
-0.1221643090248107,0.02566893424036281
-0.1253240406513214,0.025714285714285714
-0.1284065246582031,0.025759637188208617
-0.1314126998186111,0.02580498866213152
-0.134344220161438,0.02585034013605442
-0.1372023671865463,0.025895691609977324
-0.1399887204170227,0.025941043083900227
-0.1427050232887268,0.02598639455782313
-0.1453530341386795,0.02603174603174603
-0.1479344367980957,0.026077097505668934
-0.1504510641098022,0.026122448979591838
-0.1529047787189483,0.026167800453514738
-0.1552973836660385,0.02621315192743764
-0.1576305329799652,0.026258503401360545
-0.1599059253931045,0.026303854875283448
-0.1621249169111251,0.026349206349206348
-0.164288729429245,0.02639455782312925
-0.1663984507322311,0.026439909297052155
-0.1684547215700149,0.026485260770975058
-0.1704578548669815,0.026530612244897958
-0.1724080145359039,0.02657596371882086
-0.1743048131465912,0.026621315192743765
-0.1761478036642074,0.02666666666666667
-0.1779360473155975,0.02671201814058957
-0.1796686649322509,0.026757369614512472
-0.1813444942235946,0.026802721088435375
-0.1829624772071838,0.026848072562358275
-0.1845213323831558,0.02689342403628118
-0.1860202699899673,0.026938775510204082
-0.1874587535858154,0.026984126984126985
-0.1888363808393478,0.027029478458049885
-0.1901533156633377,0.02707482993197279
-0.1914104372262954,0.027120181405895692
-0.1926087886095047,0.027165532879818596
-0.1937500387430191,0.027210884353741496
-0.1948364228010177,0.0272562358276644
-0.1958701610565185,0.027301587301587302
-0.1968540549278259,0.027346938775510202
-0.1977909356355667,0.027392290249433106
-0.1986835598945617,0.02743764172335601
-0.1995344907045364,0.027482993197278913
-0.2003459632396698,0.027528344671201813
-0.2011198848485946,0.027573696145124716
-0.201857328414917,0.02761904761904762
-0.202558696269989,0.027664399092970523
-0.2032240927219391,0.027709750566893423
-0.2038521617650985,0.027755102040816326
-0.2044413983821869,0.02780045351473923
-0.204989343881607,0.027845804988662133
-0.205493226647377,0.027891156462585033
-0.2059497982263565,0.027936507936507936
-0.2063555568456649,0.02798185941043084
-0.2067072391510009,0.02802721088435374
-0.2070012986660003,0.028072562358276643
-0.2072350233793258,0.028117913832199547
-0.2074059396982193,0.02816326530612245
-0.2075121998786926,0.02820861678004535
-0.2075525522232055,0.028253968253968254
-0.2075267285108566,0.028299319727891157
-0.2074350416660308,0.02834467120181406
-0.2072785198688507,0.02839002267573696
-0.207058697938919,0.028435374149659864
-0.2067777812480926,0.028480725623582767
-0.2064381539821624,0.02852607709750567
-0.2060424089431762,0.02857142857142857
-0.2055931240320205,0.028616780045351474
-0.205092579126358,0.028662131519274377
-0.2045429795980453,0.028707482993197277
-0.2039456069469452,0.02875283446712018
-0.2033019065856933,0.028798185941043084
-0.2026124000549316,0.028843537414965988
-0.2018771767616272,0.028888888888888888
-0.201095849275589,0.02893424036281179
-0.2002676725387573,0.028979591836734694
-0.1993918269872665,0.029024943310657598
-0.1984671205282211,0.029070294784580498
-0.1974923312664032,0.0291156462585034
-0.1964669078588485,0.029160997732426305
-0.1953898668289184,0.029206349206349208
-0.1942611783742904,0.029251700680272108
-0.1930811107158661,0.02929705215419501
-0.1918503791093826,0.029342403628117915
-0.1905702501535415,0.029387755102040815
-0.1892424374818802,0.029433106575963718
-0.1878689527511596,0.02947845804988662
-0.1864521503448486,0.029523809523809525
-0.1849942207336425,0.029569160997732425
-0.1834973841905594,0.02961451247165533
-0.1819638907909393,0.029659863945578232
-0.1803951263427734,0.029705215419501135
-0.1787925064563751,0.029750566893424035
-0.1771564185619354,0.02979591836734694
-0.1754870861768722,0.029841269841269842
-0.1737837046384811,0.029886621315192742
-0.1720449924468994,0.029931972789115645
-0.1702693551778793,0.02997732426303855
-0.1684547215700149,0.030022675736961452
-0.1665982455015182,0.030068027210884352
-0.1646976917982101,0.030113378684807256
-0.1627504676580429,0.03015873015873016
-0.1607544273138046,0.030204081632653063
-0.1587075591087341,0.030249433106575963
-0.1566086709499359,0.030294784580498866
-0.1544568240642547,0.03034013605442177
-0.1522518545389175,0.030385487528344673
-0.1499943137168884,0.030430839002267573
-0.1476851552724838,0.030476190476190476
-0.1453259140253067,0.03052154195011338
-0.1429188847541809,0.03056689342403628
-0.1404661983251571,0.030612244897959183
-0.1379704475402832,0.030657596371882086
-0.1354343593120575,0.03070294784580499
-0.1328605115413665,0.03074829931972789
-0.1302512735128402,0.030793650793650793
-0.127609372138977,0.030839002267573697
-0.1249364763498306,0.0308843537414966
-0.1222348287701606,0.0309297052154195
-0.1195060536265373,0.030975056689342403
-0.1167519614100456,0.031020408163265307
-0.1139741986989975,0.03106575963718821
-0.1111748293042182,0.03111111111111111
-0.1083560958504676,0.031156462585034014
-0.1055205464363098,0.031201814058956917
-0.1026714444160461,0.031247165532879817
-0.0998125821352005,0.031292517006802724
-0.0969483703374862,0.031337868480725624
-0.094083771109581,0.031383219954648524
-0.0912244543433189,0.03142857142857143
-0.0883764550089836,0.03147392290249433
-0.0855462402105331,0.03151927437641723
-0.0827405154705047,0.03156462585034014
-0.0799658074975013,0.03160997732426304
-0.0772286206483841,0.031655328798185944
-0.0745348930358886,0.031700680272108844
-0.0718901753425598,0.031746031746031744
-0.0692990645766258,0.03179138321995465
-0.0667653530836105,0.03183673469387755
-0.0642920061945915,0.03188208616780045
-0.061880949884653,0.03192743764172336
-0.0595332905650138,0.03197278911564626
-0.0572493001818656,0.03201814058956916
-0.0550286546349525,0.032063492063492065
-0.0528705306351184,0.032108843537414965
-0.0507739260792732,0.03215419501133787
-0.048737846314907,0.03219954648526077
-0.046761430799961,0.03224489795918367
-0.0448442287743091,0.03229024943310658
-0.042986411601305,0.03233560090702948
-0.041188795119524,0.03238095238095238
-0.0394530482590198,0.032426303854875285
-0.0377815663814544,0.032471655328798185
-0.0361774154007434,0.032517006802721085
-0.0346443615853786,0.03256235827664399
-0.0331865511834621,0.03260770975056689
-0.0318083390593528,0.0326530612244898
-0.0305141080170869,0.0326984126984127
-0.0293078608810901,0.0327437641723356
-0.028193037956953,0.032789115646258506
-0.0271723289042711,0.032834467120181406
-0.0262472908943891,0.032879818594104306
-0.0254183541983366,0.03292517006802721
-0.0246845390647649,0.03297052154195011
-0.0240434724837541,0.03301587301587302
-0.0234913900494575,0.03306122448979592
-0.0230231396853923,0.03310657596371882
-0.0226323641836643,0.033151927437641726
-0.0223115403205156,0.033197278911564626
-0.0220523290336132,0.033242630385487526
-0.0218456964939832,0.03328798185941043
-0.0216822139918804,0.03333333333333333
-0.0215522162616252,0.03337868480725623
-0.0214461125433444,0.03342403628117914
-0.0213544964790344,0.03346938775510204
-0.0212683286517858,0.03351473922902495
-0.0211790408939123,0.033560090702947847
-0.0210786294192075,0.033605442176870746
-0.0209595579653978,0.03365079365079365
-0.0208148751407861,0.03369614512471655
-0.0206380952149629,0.03374149659863945
-0.0204231198877096,0.03378684807256236
-0.0201641097664833,0.03383219954648526
-0.0198554433882236,0.03387755102040816
-0.0194915980100631,0.03392290249433107
-0.0190669912844896,0.03396825396825397
-0.0185760520398616,0.034013605442176874
-0.0180130451917648,0.034058956916099774
-0.0173721443861722,0.034104308390022674
-0.0166474226862192,0.03414965986394558
-0.0158329270780086,0.03419501133786848
-0.0149226933717727,0.03424036281179138
-0.0139109082520008,0.03428571428571429
-0.0127919409424066,0.03433106575963719
-0.0115604428574442,0.03437641723356009
-0.0102114304900169,0.034421768707482994
-0.0087403794750571,0.034467120181405894
-0.0071431854739785,0.0345124716553288
-0.0054162335582077,0.0345578231292517
-0.0035563500132411,0.0346031746031746
-0.0015607619425281,0.03464852607709751
0.0005729723488911,0.03469387755102041
0.0028470722027122,0.03473922902494331
0.0052636228501796,0.034784580498866215
0.0078247049823403,0.034829931972789115
0.0105324825271964,0.03487528344671202
0.0133892931044101,0.03492063492063492
0.0163977276533842,0.03496598639455782
0.0195606350898742,0.03501133786848073
0.0228811651468276,0.03505668934240363
0.0263626947999,0.03510204081632653
0.0300087351351976,0.035147392290249435
0.0338228717446327,0.035192743764172335
0.0378085635602474,0.035238095238095235
0.0419691018760204,0.03528344671201814
0.0463072210550308,0.03532879818594104
0.0508251041173934,0.03537414965986395
0.0555242262780666,0.03541950113378685
0.0604049898684024,0.03546485260770975
0.065466932952404,0.035510204081632656
0.0707083344459533,0.035555555555555556
0.076126255095005,0.035600907029478455
0.081716775894165,0.03564625850340136
0.0874747335910797,0.03569160997732426
0.0933939218521118,0.03573696145124716
0.0994672179222107,0.03578231292517007
0.1056868657469749,0.03582766439909297
0.112044371664524,0.035873015873015876
0.1185308843851089,0.035918367346938776
0.125137373805046,0.035963718820861676
0.1318545788526535,0.03600907029478458
0.1386738419532776,0.03605442176870748
0.1455861181020736,0.03609977324263038
0.1525830030441284,0.03614512471655329
0.1596564203500747,0.03619047619047619
0.1667987257242202,0.03623582766439909
0.1740025877952575,0.036281179138321996
0.1812608689069748,0.036326530612244896
0.1885670572519302,0.0363718820861678
0.1959143280982971,0.0364172335600907
0.203295961022377,0.0364625850340136
0.2107055485248565,0.03650793650793651
0.2181360572576522,0.03655328798185941
0.2255802899599075,0.03659863945578231
0.2330308109521865,0.03664399092970522
0.2404797971248626,0.03668934240362812
0.2479187101125717,0.036734693877551024
0.2553390860557556,0.036780045351473924
0.262731671333313,0.036825396825396824
0.2700870931148529,0.03687074829931973
0.2773955166339874,0.03691609977324263
0.2846477627754211,0.03696145124716553
0.2918331325054168,0.03700680272108844
0.2989425957202911,0.03705215419501134
0.3059664070606231,0.03709750566893424
0.3128953576087951,0.037142857142857144
0.3197203874588012,0.037188208616780044
0.3264332115650177,0.03723356009070295
0.3330256342887878,0.03727891156462585
0.3394900262355804,0.03732426303854875
0.3458196222782135,0.03736961451247166
0.3520072698593139,0.03741496598639456
0.3580472469329834,0.03746031746031746
0.3639333248138428,0.037505668934240365
0.3696603775024414,0.037551020408163265
0.3752231299877167,0.037596371882086164
0.3806167840957641,0.03764172335600907
0.3858364820480346,0.03768707482993197
0.3908782601356506,0.03773242630385488
0.3957376778125763,0.03777777777777778
0.4004111289978027,0.03782312925170068
0.4048947393894195,0.037868480725623585
0.4091857671737671,0.037913832199546485
0.4132809937000274,0.037959183673469385
0.417178213596344,0.03800453514739229
0.4208754003047943,0.03804988662131519
0.424371600151062,0.0380952380952381
0.4276657700538635,0.038140589569161
0.4307584762573242,0.0381859410430839
0.4336500167846679,0.038231292517006805
0.4363420605659485,0.038276643990929705
0.4388367235660553,0.038321995464852605
0.4411371946334839,0.03836734693877551
0.4432467520236969,0.03841269841269841
0.4451698362827301,0.03845804988662131
0.446911484003067,0.03850340136054422
0.4484765231609344,0.03854875283446712
0.4498709440231323,0.038594104308390026
0.4511011838912964,0.038639455782312926
0.4521725475788116,0.038684807256235826
0.4530921578407287,0.03873015873015873
0.45386603474617,0.03877551020408163
0.4545008838176727,0.03882086167800453
0.4550025761127472,0.03886621315192744
0.4553772509098053,0.03891156462585034
0.4556309282779693,0.03895691609977324
0.4557687640190124,0.039002267573696146
0.4557967185974121,0.039047619047619046
0.4557193517684936,0.03909297052154195
0.4555418491363525,0.03913832199546485
0.4552687108516693,0.03918367346938775
0.4549042582511902,0.03922902494331066
0.4544530808925628,0.03927437641723356
0.4539192318916321,0.03931972789115646
0.4533071517944336,0.03936507936507937
0.4526213109493255,0.03941043083900227
0.451865941286087,0.03945578231292517
0.4510456621646881,0.039501133786848074
0.450165331363678,0.039546485260770974
0.4492299854755401,0.03959183673469388
0.4482446908950805,0.03963718820861678
0.4472153484821319,0.03968253968253968
0.4461472928524017,0.03972789115646259
0.4450468719005584,0.03977324263038549
0.443919688463211,0.03981859410430839
0.44277223944664,0.039863945578231294
0.4416104257106781,0.039909297052154194
0.4404403567314148,0.0399546485260771
0.4392674267292022,0.04
0.4380978941917419,0.0400453514739229
0.4369350969791412,0.04009070294784581
0.435784637928009,0.04013605442176871
0.4346493184566498,0.04018140589569161
0.4335324764251709,0.040226757369614514
0.4324353039264679,0.040272108843537414
0.4313589632511139,0.040317460317460314
0.4303033947944641,0.04036281179138322
0.4292677640914917,0.04040816326530612
0.4282492995262146,0.04045351473922903
0.4272455871105194,0.04049886621315193
0.426252543926239,0.04054421768707483
0.4252654314041137,0.040589569160997735
0.4242790341377258,0.040634920634920635
0.423287570476532,0.040680272108843535
0.4222845733165741,0.04072562358276644
0.4212639331817627,0.04077097505668934
0.4202188849449157,0.04081632653061224
0.4191421270370483,0.04086167800453515
0.4180282652378082,0.04090702947845805
0.4168702363967895,0.040952380952380955
0.4156619608402252,0.040997732426303855
0.414398193359375,0.041043083900226755
0.4130730330944061,0.04108843537414966
0.4116817414760589,0.04113378684807256
0.4102192223072052,0.04117913832199546
0.4086814820766449,0.04122448979591837
0.4070642292499542,0.04126984126984127
0.4053634703159332,0.04131519274376417
0.4035752713680267,0.041360544217687076
0.401696115732193,0.041405895691609976
0.3997220695018768,0.04145124716553288
0.3976496756076813,0.04149659863945578
0.3954752385616302,0.04154195011337868
0.3931947350502014,0.04158730158730159
0.3908046782016754,0.04163265306122449
0.3883011937141418,0.04167800453514739
0.3856804668903351,0.041723356009070296
0.3829386830329895,0.041768707482993196
0.3800721168518066,0.0418140589569161
0.3770775198936462,0.041859410430839
0.3739511668682098,0.0419047619047619
0.3706900179386139,0.04195011337868481
0.3672913312911987,0.04199546485260771
0.3637523651123047,0.04204081632653061
0.3600708544254303,0.04208616780045352
0.3562448024749756,0.04213151927437642
0.352272629737854,0.04217687074829932
0.3481530845165252,0.042222222222222223
0.3438847959041595,0.04226757369614512
0.3394675254821777,0.04231292517006803
0.3349002301692962,0.04235827664399093
0.3301829695701599,0.04240362811791383
0.3253156244754791,0.04244897959183674
0.320298433303833,0.04249433106575964
0.3151317536830902,0.04253968253968254
0.3098165988922119,0.042585034013605444
0.3043536841869354,0.042630385487528344
0.2987445294857025,0.042675736961451244
0.2929907739162445,0.04272108843537415
0.28709477186203,0.04276643990929705
0.2810593247413635,0.04281179138321996
0.2748875319957733,0.04285714285714286
0.268583208322525,0.04290249433106576
0.2621509432792663,0.042947845804988664
0.2555955946445465,0.042993197278911564
0.2489234209060669,0.043038548752834464
0.2421406656503677,0.04308390022675737
0.2352542728185653,0.04312925170068027
0.2282720506191253,0.04317460317460318
0.2212017923593521,0.04321995464852608
0.2140520513057708,0.04326530612244898
0.2068316042423248,0.043310657596371885
0.1995492875576019,0.043356009070294785
0.1922141164541244,0.043401360544217685
0.1848351210355758,0.04344671201814059
0.1774211823940277,0.04349206349206349
0.1699809581041336,0.04353741496598639
0.1625230312347412,0.0435827664399093
0.1550553292036056,0.0436281179138322
0.1475858390331268,0.043673469387755105
0.1401220262050628,0.043718820861678005
0.1326712518930435,0.043764172335600905
0.1252404898405075,0.04380952380952381
0.117836445569992,0.04385487528344671
0.1104660183191299,0.04390022675736961
0.1031357869505882,0.04394557823129252
0.0958524718880653,0.04399092970521542
0.0886228755116462,0.04403628117913832
0.0814537778496742,0.044081632653061226
0.0743523612618446,0.044126984126984126
0.0673257932066917,0.04417233560090703
0.060381568968296,0.04421768707482993
0.0535272173583507,0.04426303854875283
0.0467705205082893,0.04430839002267574
0.0401192381978035,0.04435374149659864
0.0335811413824558,0.04439909297052154
0.0271637961268425,0.044444444444444446
0.020874636247754,0.044489795918367346
0.0147206112742424,0.044535147392290246
0.0087082497775554,0.04458049886621315
0.0028434945270419,0.04462585034013605
-0.0028683873824775,0.04467120181405896
-0.0084229065105319,0.04471655328798186
-0.0138164013624191,0.04476190476190476
-0.0190460868179798,0.04480725623582767
-0.0241101086139678,0.04485260770975057
-0.0290074609220027,0.044897959183673466
-0.0337380543351173,0.04494331065759637
-0.0383026786148548,0.04498866213151927
-0.0427029095590114,0.04503401360544218
-0.046940941363573,0.04507936507936508
-0.051019724458456,0.04512471655328798
-0.0549425855278968,0.04517006802721089
-0.058713398873806,0.04521541950113379
-0.0623363591730594,0.04526077097505669
-0.0658158659934997,0.045306122448979594
