,title,tagline
0,Cinema Paradiso,"A celebration of youth, friendship, and the everlasting magic of the movies."
1,Spy Hard,All the action. All the women. Half the intelligence.
2,Stonewall,The fight for the right to love
3,Killer,You only hurt the one you love.
4,Jason's Lyric,Love is courage.
5,The Hunchback of Notre Dame,
6,The Cable Guy,There's no such thing as free cable.
7,Café au Lait,
8,Ace Ventura: Pet Detective,"He's the best there is! (Actually, he's the only one there is.)"
9,Eye for an Eye,What do you do when justice fails?
10,A Walk in the Sun,THEY FOUGHT BEST WHEN IT WAS HOPELESS!
11,8 Seconds,Hang on for the ride of your life!
12,Dumbo,The One...The Only...The FABULOUS...
13,Much Ado About Nothing,Romance. Mischief. Seduction. Revenge. Remarkable.
14,Ladybird Ladybird,
15,Oliver & Company,The first Disney movie with attitude.
16,Wife,
17,Psycho,The master of suspense moves his cameras into the icy blackness of the unexplored!
18,Suture,A thriller where nothing is black and white.
19,A Midwinter's Tale,The drama. The passion. The intrigue... And the rehearsals haven't even started.
20,Brazil,It's only a state of mind.
21,Faces,
22,Death and the Maiden,Prepare yourself for the moment of truth.
23,Interview with the Vampire,Drink from me and live forever
24,It's My Party,
25,Picture Bride,
26,Another Stakeout,"They're on the look out for thrills, action and adventure."
27,Three Colors: Red,
28,Body Snatchers,Imagine... you're gone and someone else is living inside your body.
29,Dial M for Murder,If a woman answers...hang on for dear life!
30,Bogus,"A comedy about losing your heart, finding your inner child and meeting the one friend you've always tried to avoid."
31,Winnie the Pooh and the Blustery Day,
32,Nick of Time,
33,Star Wars,"A long time ago in a galaxy far, far away..."
34,The Gay Divorcee,The King and Queen of 'Carioca'
35,French Twist,
36,Top Gun,Up there with the best of the best.
37,Don Juan DeMarco,The story of the man who thought he was the greatest lover in the world... and the people who tried to cure him of it!
38,Mixed Nuts,
39,Feast of July,There is no escape from the past.
40,Sleepless in Seattle,"What if someone you never met, someone you never saw, someone you never knew was the only someone for you?"
41,Andre,The greatest adventure is finding your way home.
42,Cobb,Everyone hated this baseball legend. And he loved it.
43,The Thin Blue Line,"A softcore movie, Dr. Death, a chocolate milkshake, a nosey blonde and ""The Carol Burnett Show."" Solving this mystery is going to be murder."
44,What's Eating Gilbert Grape,A film about the love you find...In the last place you look.
45,Stargate,It will take you a million light years from home. But will it bring you back?
46,The Beverly Hillbillies,The day they moved in... Beverly Hills moved out.
47,When We Were Kings,The untold story of the Rumble in the Jungle.
48,The Killer,One Vicious Hitman. One Fierce Cop. Ten Thousand Bullets.
49,Bananas,
50,Last Dance,Sometimes justice is a crime
51,Bad Moon,Half man.  Half wolf.  Total terror.
52,Pocahontas,An American legend comes to life.
53,Cemetery Man,"Zombies, guns, and sex, OH MY!!!"
54,My Favorite Season,
55,Roman Holiday,Romance in romantic Rome!
56,Being Human,"For Hector, history has a way of repeating itself."
57,Restoration,
58,The American President,Why can't the most powerful man in the world have the one thing he wants most?
59,Four Rooms,"Twelve outrageous guests. Four scandalous requests. And one lone bellhop, in his first day on the job, who's in for the wildest New year's Eve of his life."
60,Glengarry Glen Ross,Lie. Cheat. Steal. All in a day’s work.
61,The House of the Spirits,
62,"Batman: The Dark Knight Returns, Part 1",Old heroes never die. They just get darker.
63,Mediterraneo,On a magical Greek island a soldier is about to discover that it is better to make love instead of war
64,Last Man Standing,"In a town with no justice, there is only one law... Every man for himself."
65,Rudy,"It's not the size of the dog in the fight, It's the size of the fight in the dog."
66,Life With Mikey,He's a talent agent. She's a thief. Looks like they've already got something in common.
67,Burnt by the Sun,A moving and poignant story set against the corrupt politics of the Stalinist era.
68,Striking Distance,"They shouldn't have put him in the water, if they didn't want him to make waves."
69,To Be or Not to Be,
70,Mr. Wrong,
71,Exit to Eden,"To crack this case, these two cops will have to flash more than their badges."
72,The Getaway,
73,Nadja,Unseen. Unforgiving. Undead.
74,1-900,
75,Kika,
76,Executive Decision,Fasten your seat belts
77,Mina Tannenbaum,
78,Now and Then,In every woman there is the girl she left behind.
79,Jane Eyre,The passionate tale of forbidden secrets!
80,Jean de Florette,
81,Safe Passage,Life's best journeys take you home
82,Home for the Holidays,We'll do it every year..until we get it right
83,A Pyromaniac's Love Story,
84,The Postman,
85,A Perfect Candidate,"In the Voting Booth, No One Can Hear You Scream"
86,It Happened One Night,TOGETHER... for the first time
87,Pete's Dragon,Brazzle Dazzle Brilliance!
88,The Shawshank Redemption,Fear can hold you prisoner. Hope can set you free.
89,"The Haunted World of Edward D. Wood, Jr.",Can your MIND stand the SHOCKING TRUTH?
90,Solo,Part man. Part machine. Total weapon.
91,D3: The Mighty Ducks,No Fear. No Limits. No Brakes. Just Ducks.
92,Grace of My Heart,For years her songs brought fame to other people. Then she found her own voice.
93,Guilty as Sin,"She's finally met her match. He's handsome, wealthy, seductive. A Real Lady Killer!"
94,Notorious,Notorious woman of affairs... Adventurous man of the world
95,The Underneath,"For passion, betrayal and murder... there's still no place like home."
96,Something to Talk About,"A story about husbands, wives, parents, children and other natural disasters."
97,The Flintstones,Yabba-Dabba-Doo!
98,Things to Do in Denver When You're Dead,Protect. Love. Honor. Avenge.
99,Lamerica,
100,Cool Runnings,One dream. Four Jamaicans. Twenty below zero.
101,Eddie,The newest coach in the NBA has got the Knicks right where she wants them.
102,Dumb and Dumber,"What the one doesn't have, the other is missing."
103,Angus,For everyone on the outside looking in... your moment has arrived!
104,Heavy Metal,A Step Beyond Science Fiction
105,Stuart Saves His Family,
106,They Made Me a Criminal,Sensational Human Drama!
107,Platoon,The first casualty of war is innocence.
108,12 Angry Men,Life is in their hands. Death is on their minds.
109,Paths of Glory,It explodes in the no-man's land no picture ever dared cross before!
110,Homeward Bound: The Incredible Journey,
111,Maximum Risk,The Other Side of Safety.
112,The Story of Xinghua,
113,The Right Stuff,How the future began.
114,Village of the Damned,Beware the Children
115,The Juror,There is no defense.
116,Some Like It Hot,The movie too HOT for words!
117,Germinal,Who needs God and Heaven? We can change this lousy world.
118,Tommy Boy,"If at first you don't succeed, lower your standards."
119,The Silence of the Lambs,To enter the mind of a killer she must challenge the mind of a madman.
120,The Brothers McMullen,Sometimes the Best Friends Are the Ones You've Known Your Whole Life.
121,"Murder, My Sweet",An Original Philip Marlowe Mystery
122,A Perfect World,
123,Children of the Corn IV: The Gathering,In a sleepy midwestern town... A horrifying evil is about to rise again!
124,Miracle on 34th Street,"If you really believe, anything can happen."
125,Searching for Bobby Fischer,Every journey begins with a single move.
126,Lord of Illusions,Trust Nothing Except Your Fear.
127,That Darn Cat!,It takes a Siamese secret agent to unravel the PURR-fect crime!
128,M. Butterfly,
129,The Basketball Diaries,The true story of the death of innocence and the birth of an artist.
130,Charade,Is anyone really who they seem to be?
131,Lone Star,John Sayles invites you to return to the scene of the crime.
132,Beautiful Thing,
133,Kalifornia,Fear never travels alone.
134,Glory,Their innocence. Their heritage. Their lives.
135,Home Alone,A Family Comedy Without the Family.
136,Mortal Kombat,Nothing In This World Has Prepared You For This.
137,If Lucy Fell,A comedy for the romantically challenged.
138,The Celluloid Closet,
139,Balto,Part Dog. Part Wolf. All Hero.
140,Don't Be a Menace to South Central While Drinking Your Juice in the Hood,"Finally, the movie that proves that Justice isn't always Poetic, Jungle Fever isn't always pretty, and Higher Learning can be a waste of time."
141,Twelve Monkeys,The future is history.
142,Like Water for Chocolate,"In Tita's kitchen, ordinary spices become a recipe for passion."
143,Clean Slate,
144,Escape from New York,1997. New York City is now a maximum security prison. Breaking out is impossible. Breaking in is insane.
145,Rebel Without a Cause,The bad boy from a good family.
146,The Little Princess,A great classic comes to life in glorious Technicolor!
147,The Browning Version,The greatest lessons in the life and the ones learned by heart.
148,The Glimmer Man,Two good cops. One bad situation.
149,Timecop,They killed his wife ten years ago. There's still time to save her. Murder is forever... until now.
150,Backbeat,
151,Sleeper,Woody Allen takes a nostalgic look at the future.
152,My Fair Lady,The loverliest motion picture of them all!
153,The Hunted,He's trapped in a world where killing is an art and revenge is an obsession
154,James and the Giant Peach,Adventures this big don't grow on trees.
155,The Shooter,
156,Delicatessen,A futuristic comic feast.
157,The Associate,Behind Every Great Man Is A Woman... Wishing He'd Get The Hell Out Of Her Way.
158,Strawberry and Chocolate,
159,When Night Is Falling,
160,The Client,A district attorney out for a conviction. A new lawyer out of her league. A young boy who knew too much.
161,Princess Caraboo,She was everything they dreamed of... And nothing they expected.
162,The Substitute,
163,The Wild Bunch,"If you only want to spend two hours in a movie theatre and go home and forget it, stay away from THE WILD BUNCH."
164,Spirits of the Dead,The ultimate orgy of evil
165,Manon of the Spring,
166,The Promise,"A love, a hope, a wall."
167,Love and a .45,This is one jagged twisting ride you'll never forget.
168,Raiders of the Lost Ark,Indiana Jones - the new hero from the creators of JAWS and STAR WARS.
169,Tales from the Crypt: Demon Knight,Ready for your deadtime story?
170,Double Happiness,You've got one life to live. What's it gonna be?
171,Ruby in Paradise,A woman's search for herself.
172,Sirens,"In the 1930s, an artist and his models scandalized a nation with their controversial paintings. For a young couple, meeting them was the experience of a lifetime."
173,Nobody's Fool,In a town where nothing ever happens... everything is about to happen to Sully.
174,The Bridges of Madison County,The path of Francesca Johnson's future seems destined due to an unexpected fork in the road...
175,Poetic Justice,A Street Romance.
176,North by Northwest,It's a deadly game of 'tag' and Cary Grant is 'it'...
177,The Little Rascals,Mischief loves company
178,The Madness of King George,
179,Milk Money,You can't get enough of a good thing... But first you have to find it.
180,One Fine Day,She was having a perfectly bad day... Then he came along and spoiled it.
181,Even Cowgirls Get the Blues,
182,The Englishman Who Went Up a Hill But Came Down a Mountain,
183,Ghost in the Shell,It found a voice... Now it needs a body.
184,Super Mario Bros.,This Ain't No Game.
185,I'll Do Anything,
186,Vertigo,Alfred Hitchcock engulfs you in a whirlpool of terror and tension!
187,Bad Boys,Whatcha gonna do?
188,When a Man Loves a Woman,Through the good times. Through the bad times. When a Man Loves a Woman it's for all times.
189,The Ruling Class,
190,Forget Paris,
191,All About Eve,It's all about women... and their men!
192,Country Life,
193,Scream of Stone,"In this battle, there can be no winners"
194,Colonel Chabert,
195,"Ciao, Professore!","Ciao, Professore!"
196,Clerks,Just because they serve you doesn't mean they like you.
197,The Ghost and the Darkness,Prey For The Hunters
198,Four Weddings and a Funeral,Five good reasons to stay single.
199,Disclosure,Sex Is Power.
200,Ri¢hie Ri¢h,An adventure so big... even the world's richest kid can't afford to miss it!
201,From Dusk Till Dawn,One night is all that stands between them and freedom. But it's going to be a hell of a night.
202,Sense and Sensibility,Lose your heart and come to your senses.
203,Quiz Show,Fifty million people watched but no one saw a thing.
204,The Three Musketeers,All for one and one for all!
205,Independence Day,Earth. Take a good look. It might be your last.
206,The English Patient,"In love, there are no boundaries."
207,"Red Firecracker, Green Firecracker",
208,Jury Duty,For truth. For justice. For five bucks a day.
209,Father of the Bride,You're invited . . . to a hilarious wedding !
210,Blade Runner,Man has made his match... now it's his problem.
211,No Escape,No Guards. No Walls.
212,Georgia,The toughest act to follow was their dreams.
213,Amateur,"Accountancy, Murder, Amnesia, Torture, Ecstasy, Understanding, Redemption"
214,Leon: The Professional,"If you want a job done well, hire a professional."
215,Angels in the Outfield,Ya Gotta Believe!
216,Underground,
217,Orlando,
218,She's the One,A romantic comedy about two brothers... and the one thing that came between them.
219,Muriel's Wedding,Success is the best revenge.
220,First Kid,He's young. He's wild. He's fun. And he's the one protecting the president's son.
221,Star Trek: Generations,Boldly go.
222,Tales from the Hood,Chill or be Chilled
223,Pollyanna,"Meet the people, the pleasure, the entertainment of the year! All the love, laughter and drama that life can hold, poured into one unforgettable motion picture!"
224,Forrest Gump,"The world will never be the same, once you've seen it through the eyes of Forrest Gump."
225,It Takes Two,Two identical strangers. Two different worlds. One perfect match.
226,Breakfast at Tiffany's,"Audrey Hepburn plays that daring, darling Holly Golightly to a new high in entertainment delight!"
227,Batman,Have you ever danced with the devil in the pale moonlight?
228,Angel on My Shoulder,With an ANGEL on his shoulder... And the DEVIL in his heart!
229,The River Wild,The vacation is over
230,The Return of the Pink Panther,
231,Beauty and the Beast,The most beautiful love story ever told.
232,The Naked Gun 33⅓: The Final Insult,"A Mad Bomber is on the Loose, and If Anyone Can Stop Him....So Can Frank!"
233,Braindead,Some things won't stay down... even after they die.
234,Savage Nights,
235,The Nutty Professor,"Inside Sherman Klump, a party animal is about to break out."
236,Get Shorty,"The mob is tough, but it’s nothing like show business."
237,Ace Ventura: When Nature Calls,New animals. New adventures. Same hair.
238,Heavenly Creatures,From a secret world no one could see... came a crime no one could believe.
239,Citizen Kane,It's Terrific!
240,Under Siege 2: Dark Territory,Last time he rocked the boat. This time the sky's the limit.
241,"Paris, France",
242,Batman Returns,"The Bat, the Cat, the Penguin."
243,Boys on the Side,"A motion picture that celebrates the art of survival, the gift of laughter and the miracle of friendship."
244,In the Army Now,"Sleep tight, America! The safety of the free world rests in his hands!"
245,Michael Collins,"Ireland, 1916. His Dreams Inspired Hope. His Words Ignited Passion. His Courage Forged A Nation's Destiny."
246,A Grand Day Out,
247,Happy Gilmore,He doesn't play golf... he destroys it.
248,The Double Life of Veronique,"Each of us is matched somewhere in the world, by our exact double - someone who shares our thoughts and dreams"
249,Friday,A lot can go down between thursday and saturday...
250,Nico Icon,
251,Barbarella,See Barbarella do her thing!
252,Bed of Roses,He gave her flowers. She gave him a chance.
253,Love Affair,
254,The Return of Martin Guerre,
255,The Favor,Two Women. Three Men. One Secret.
256,Stealing Beauty,The most beautiful place to be is in love.
257,Little Big League,Major League is about to experience a minor problem . . . . . . he's 12-years-old.
258,Hustler White,See it with someone you've paid for.
259,The Inkwell,Summer's Never Been So Much Fun!
260,Batman: Mask of the Phantasm,The Dark Knight fights to save Gotham city from its deadliest enemy.
261,The Endless Summer 2,
262,The Piano,
263,Mary Reilly,The untold story of Jekyll and Hyde
264,A Thin Line Between Love and Hate,"When you play, you pay."
265,Wyatt Earp,The epic story of love and adventure in a lawless land.
266,Willy Wonka & the Chocolate Factory,It's Scrumdiddlyumptious!
267,Nell,Her heart. Her soul. Her language are a mystery...A mystery called Nell
268,Death in the Garden,Torrid!...Tantalizing!...Tempestuous!...
269,Beverly Hills Cop III,
270,Bordello of Blood,
271,With Honors,"If you want a degree go to Harvard, If you want an education go to Simon Wilder."
272,Dirty Dancing,Have the time of your life.
273,Anne Frank Remembered,"She is perhaps Hitler's best known victim, but what was Anne Frank really like?"
274,House Party 3,This bachelor party's gonna' bring down the house!
275,Legends of the Fall,After the Fall from Innocence the Legend begins.
276,New Nightmare,"One, Two, Freddy's coming for you..."
277,Batman: Year One,A merciless crime turns a man into an outlaw.
278,Waterworld,Beyond the horizon lies the secret to a new beginning.
279,Full Metal Jacket,"Vietnam can kill me, but it can’t make me care."
280,Les Miserables,"In a time of chaos, in a world of change, he was moved by a book he could not read to become a hero he never imagined."
281,The Fog,Lock your doors. Bolt your windows. There's something in THE FOG!
282,Robin Hood: Men in Tights,"The legend had it coming... Find out where Robin Hood put his Little John, what made Will Scarlet, and what did Friar Tuck into his tights that Maid Marion all of a quiver?"
283,Flirt,
284,The Jerky Boys,
285,The Secret of Roan Inish,Between land and sea there is a place where myths are real.
286,Drop Zone,Taking crime to new heights
287,Halloween: The Curse of Michael Myers,Haddonfield is ready to celebrate Halloween.... so is Michael Myers!
288,A Low Down Dirty Shame,He's armed and dangerously funny.
289,Manhattan Murder Mystery,Keaton & Allen reunited for fun flick!
290,Gordy,The talking pig who made it big!
291,The People vs. Larry Flynt,"You may not like what he does, but are you prepared to give up his right to do it?"
292,"Boys Life: Three Stories of Love, Lust, and Liberation","3 Tales of Love, Lust, & Liberation"
293,Picnic,Electrically attracted to each other...Overwhelmingly engulfed by it...Guiltily in love!
294,Kingpin,You wouldn't want to meet these pinheads in an alley.
295,Bound,"In their world, you can't buy freedom, but you can steal it."
296,Striptease,Some People Get Into Trouble No Matter What They WEAR.
297,Faithful,"A comedy about a wife, her husband and his hit man."
298,East of Eden,Of what a girl did . . . what a boy did ... of ecstasy and revenge!
299,In the Mouth of Madness,Lived Any Good Books Lately?
300,Batman Begins,Evil fears the knight.
301,Devil in a Blue Dress,Private detective Easy Rawlins has been caught on the wrong side of the most dangerous secret in town.
302,Bye Bye Love,
303,King of the Hill,"When the world turns upside down, the trick is coming out on top."
304,The Love Bug,Herbie will honk his way into your heart.
305,Cops & Robbersons,
306,Bringing Up Baby,"And so begins the hilarious adventure of Professor David Huxley and Miss Susan Vance, a flutter-brained vixen with love in her heart!"
307,Jack & Sarah,"She's not proper, she's not fitting, she's not British, but to Jack she's a breath of fresh air."
308,Alphaville,Suddenly the word is Alphaville... and a secret agent is in a breathless race against the Masters of the Future.
309,Kids in the Hall: Brain Candy,Shove this up your mind
310,Dead Tired,
311,The Day the Sun Turned Cold,
312,Johns,
313,Ghost,A love that will last forever.
314,The World of Apu,
315,Nothing to Lose,The Most Dangerous Man Alive Is A Man With Nothing To Lose
316,The Man without a Face,A fatherless boy had almost given up all his dreams... until one man believed in him enough to make them come true.
317,Around the World in Eighty Days,"It's a wonderful world, if you'll only take the time to go around it!"
318,Gumby: The Movie,The original green hero!
319,The Run of the Country,An unforgettable romance
320,Herbie Rides Again,The Loveable Bug's back doin' his thing!
321,Destiny Turns on the Radio,Fate visits in ways you never expect
322,Fair Game,He's a cop on the edge. She's a woman with a dangerous secret. And now they're both...
323,Canadian Bacon,"I'll tell ya another thing, their beer sucks!"
324,Senior Trip,Stupid tricks. Outrageous chaos. Total destruction. They're taking it on the road.
325,Romeo + Juliet,My only love sprung from my only hate.
326,"Corrina, Corrina",
327,The Tin Drum,"A savage, sweeping epic of society in chaos."
328,Maverick,"In their hands, a deck of cards was the only thing more dangerous than a gun."
329,Candyman: Farewell to the Flesh,Evil comes when you call his name.
330,The Nightmare Before Christmas,A ghoulish tale with wicked humor & stunning animation.
331,Man of the Year,He as a centerfold who revealed everything ... but the truth.
332,Loaded,
333,Vanya on 42nd Street,
334,The Terminator,Your future is in his hands.
335,Sgt. Bilko,All he ever wanted was an honest week's pay for an honest day's work.
336,The Dark Knight Rises,The Legend Ends
337,While You Were Sleeping,A story about love at second sight.
338,Vive L'Amour,
339,Hellraiser: Bloodline,"This year, the past, the present and the future will all meet at the crossroads of hell."
340,Multiplicity,"Sometimes to get more out of life, you have to make more of yourself."
341,Terminator 2: Judgment Day,It's nothing personal.
342,Romeo Is Bleeding,The story of a cop who wanted it bad and got it worse.
343,The Thin Man,A laugh tops every thrilling moment!
344,Mighty Morphin Power Rangers: The Movie,The Power Is On!
345,The Star Maker,"In the golden age of cinema, everyone dreams of becoming a star. One man promises to make all their dreams come true..."
346,Hard Target,Don't hunt what you can't kill.
347,Go Fish,The girl is out there
348,The Aristocats,A tune-filled animated extravaganza.
349,On Golden Pond,when life is at its finest...when love is at its fullest...
350,Once Upon a Time... When We Were Colored,
351,The Grifters,Seduction. Betrayal. Murder. Who's conning who?
352,The Scarlet Letter,"When intimacy is forbidden and passion is a sin, love is the most defiant crime of all."
353,Outbreak,This animal carries a deadly virus... and the greatest medical crisis in the world is about to happen.
354,A Streetcar Named Desire,"...Blanche, who wanted so much to stay a lady..."
355,The Indian in the Cupboard,
356,The Swan Princess,An enchanting classic destined to capture your heart and free your spirit.
357,Jade,Some fantasies go too far.
358,Swimming with Sharks,Life is not a movie
359,Bloodsport II,"Caught between honor and revenge, how far will one man go..."
360,Clear and Present Danger,The war of drugs would lead him to the war of power.
361,The Addiction,The dark is their sunlight. What makes them different is what keeps them alive.
362,Heaven & Earth,An amazing true story of survival.
363,Pather Panchali,
364,The Birdcage,Come as you are.
365,Phenomenon,Some things in life just can't be explained.
366,Judge Dredd,"In the future, one man is the law."
367,Casino,No one stays at the top forever.
368,American Dream,"The award-winning film of American lives, American courage, and the..."
369,Unstrung Heroes,Sometimes you find your heroes in the most unlikely places
370,Harold and Maude,They were meant to be. But exactly what they were meant to be is not quite clear.
371,My Favorite Year,
372,Love & Human Remains,
373,Shadowlands,
374,An Awfully Big Adventure,
375,Mute Witness,She Can't Speak. She Can't Scream. She Can't Beg For Mercy.
376,Batman,He's Here Big As Life In A Real Bat-Epic
377,The Secret Agent,
378,Dr. Strangelove or: How I Learned to Stop Worrying and Love the Bomb,The hot-line suspense comedy
379,Two If by Sea,"A new comedy about love, laughter, and larceny"
380,Chain Reaction,Reaction Time 8-4-96
381,The Blues Brothers,They'll never get caught. They're on a mission from God.
382,Jefferson in Paris,A powerful man torn between his love for one woman and his secret desire for another.
383,Belle de Jour,Luis Bunuel's Masterpiece of Erotica!
384,Meet John Doe,"ALL AMERICA WANTS TO MEET THE ""MR. DEEDS"" OF 1941!"
385,Heavyweights,They don't run the fastest. They don't jump the highest. But they sure are getting the last laugh. Heavyweights. They never met a hot dog they didn't like ... until now.
386,French Kiss,
387,RoboCop 3,He's back to lay down the law.
388,Victor/Victoria,The disguise surprise comedy of the year!
389,Down Periscope,"A rusty sub. A rebel commander. A renegade crew. When destiny called, they should have hung up."
390,Trust,A slightly twisted comedy
391,Bedknobs and Broomsticks,You'll beWITCHED! You'll beDAZZLED! You'll be swept into a world of enchantment BEYOND ANYTHING BEFORE!
392,Species,Our time is up.
393,The City of Lost Children,Where happily ever after is just a dream.
394,The Seventh Seal,
395,Unforgettable,He loved her. He lost her. He won't let her memory die... until it tells him who killed her.
396,The Wrong Trousers,Winner of the 1993 Academy Award for Best Animated Short.
397,To Die For,All she wanted was a little attention.
398,The Brady Bunch Movie,
399,Crossfire,Hate is like a loaded gun!
400,Delta of Venus,"In 1939, Elena went to Paris searching for her voice as a writer. What she found was her voice as a woman."
401,Swingers,Cocktails first. Questions later.
402,Dracula: Dead and Loving It,
403,Trainspotting,Choose life.
404,Made in America,"At the sperm-bank she asked for a tall, intelligent, black man. One out of three ain't bad."
405,Aladdin,Wish granted!
406,Cold Comfort Farm,She discovered a new branch of her family tree... the one with all the nuts.
407,2001: A Space Odyssey,An epic drama of adventure and exploration
408,2 or 3 Things I Know About Her,
409,The Jungle Book,
410,"Cry, the Beloved Country",
411,Walking and Talking,A movie for everyone who wants to get married and stay single at the same time.
412,Cronos,
413,He Walked by Night,Savage TRUTH! Stronger than Fiction!
414,A Month by the Lake,
415,Murder in the First,The trial that brought down Alcatraz
416,Pinocchio,For anyone who has ever wished upon a star.
417,The Island of Dr. Moreau,The gates of hell are unlocked.
418,Up in Smoke,The movie that'll have you rolling in the aisles.
419,Passion Fish,
420,Life of Brian,He wasn't the messiah. He was a very naughty boy.
421,Malice,Her doctor wasn't playing God. He thought he was God.
422,Heat,A Los Angeles Crime Saga
423,The Land Before Time III: The Time of the Great Giving,
424,The Scout,He was praying for a miracle. What he got was Steve Nebraska.
425,Diabolique,Two women. One man. The combination can be murder.
426,Miller's Crossing,"Up is down, black is white, and nothing is what it seems."
427,Street Fighter,The fight to save the world is on!
428,Screamers,The last scream you hear will be your own.
429,The Usual Suspects,Five Criminals. One Line Up. No Coincidence.
430,Jurassic Park,An adventure 65 million years in the making.
431,Once Were Warriors,"A family in crisis, a life in chaos... Nothing is more powerful than a mother's love."
432,Prêt-à-Porter,"At the world's hottest fashion show, there's been a murder and now everyone's a suspect. If you've got something to hide, you'll need something to wear."
433,Bad Company,Bribery. Blackmail. Murder. Specialities of the house.
434,Speechless,There are two sides to every relationship... Don't trust either of them.
435,Stalker,
436,Pulp Fiction,Just because you are a character doesn't mean you have character.
437,Batman v Superman: Dawn of Justice,Justice or revenge
438,Showgirls,Beyond your wildest dreams. Beyond your wildest fantasies.
439,Mirage,Love is the deadliest illusion.
440,Six Degrees of Separation,"For Paul, every person is a new door to a new world."
441,Dangerous Ground,What he wants is revenge. What he gets is the fight of his life.
442,A Goofy Movie,It's the story of a father who couldn't be closer...to driving his son crazy.
443,DragonHeart,You will believe.
444,The Godfather,An offer you can't refuse.
445,Space Jam,Get ready to jam.
446,Homeward Bound II: Lost in San Francisco,Your favorite talking animals are back!
447,Two Deaths,Obsesssion Can Be Murder
448,Rebecca,The shadow of this woman darkened their love.
449,Nine Months,Ready or Not.
450,A Time to Kill,Experience a time you'll never forget.
451,A Close Shave,From the Oscar-winning creator of A Grand Day Out and The Wrong Trousers.
452,Some Folks Call It a Sling Blade,
453,Wide Eyed and Legless,
454,City Slickers II: The Legend of Curly's Gold,
455,Johnny Mnemonic,The hottest data on earth. In the coolest head in town.
456,L'Enfer,
457,Kim,Famed Spectacular Adventure Story Filmed Against Authentic Backgrounds in Mystic India The Greatest Spy Thriller of Them All!
458,Basic Instinct,A brutal murder. A brilliant killer. A cop who can't resist the danger.
459,Kazaam,The world's most powerful genie has just met his match
460,Airheads,The amps are on but nobody's home.
461,Flesh and Bone,Evil is patient
462,Bio-Dome,Bud and Doyle are here to save the world. But who's gonna save the world from Bud and Doyle?
463,Braveheart,Every man dies. Not every man truly lives.
464,Mission: Impossible,Expect the Impossible.
465,The Phantom,Slam Evil!
466,A Bronx Tale,"One man lives in the neighborhood, another man owns it."
467,Heidi Fleiss: Hollywood Madam,   
468,Taxi Driver,"On every street in every city, there's a nobody who dreams of being a somebody."
469,Fresh,
470,Project S,Only One Force Can Stop This Crime Wave....And She's One Tough Cop!
471,Mr. Jones,Everything That Makes Him Dangerous Makes Her Love Him More
472,Fearless,Some people are afraid of nothing.
473,Angels and Insects,An elegant seduction. An erotic deception. A stunning revelation.
474,Army of Darkness,Trapped in time. Surrounded by evil. Low on gas.
475,Antonia's Line,A motion picture that celebrates everything you love about life.
476,I Love Trouble,Romance Was Never More Dangerous!
477,The Sting,...all it takes is a little confidence.
478,Raw Deal,Bullets!  Women! -- Can't Hold a Man Like That!
479,"The Cook, the Thief, His Wife & Her Lover",Lust...Murder...Dessert. Bon Appetit!
480,Secrets & Lies,
481,Mrs. Winterbourne,The story of a girl who is going from filthy to rich
482,The Horseman on the Roof,
483,Dunston Checks In,He's about to turn a Five Star Hotel into a three ring circus.
484,"Batman: The Dark Knight Returns, Part 2",Justice Returns... Vengeance Returns... Redemption Comes to Gotham.
485,Coneheads,Young ones! Parental units! We summon you!
486,Dances with Wolves,Inside everyone is a frontier waiting to be discovered.
487,Dangerous Minds,She broke the rules... and changed their lives.
488,Shanghai Triad,In 1930's Shanghai violence was not the problem. It was the solution.
489,Crooklyn,
490,Living in Oblivion,Nick is about to discover the first rule of filmmaking: if at first you don't succeed... PANIC!
491,So I Married an Axe Murderer,The honeymoon was killer.
492,The Great Race,"The movie with 20,000-mile or one-million-laughs guarantee!"
493,Butterfly Kiss,
494,To Catch a Thief,WANTED by the police in all the luxury-spots of Europe!... A catch for any woman!
495,Broken Arrow,Prepare to Go Ballistic.
496,Hot Shots! Part Deux,Just deux it.
497,The Prophecy,"On ancient ground, at the edge of the world, an evil born in heaven is about to be unleashed on earth."
498,Last Action Hero,This isn't the movies anymore.
499,Free Willy,How far would you go for a friend?
500,The Sword in the Stone,Tired of living in a Medieval mess...Merlin uses all his magic powers to change a scrawny little boy into a legendary hero!
501,Reservoir Dogs,Every dog has his day.
502,Daylight,No air. No escape. No time.
503,Party Girl,"Sassy, savvy and definitely clued-in!"
504,Cliffhanger,The height of adventure.
505,Joe's Apartment,Sex Bugs Rock 'n Roll
506,A Farewell to Arms,Every woman who has loved will understand
507,Lawrence of Arabia,
508,Matilda,A little magic goes a long way.
509,Black Beauty,
510,Aliens,This Time It's War
511,The Visitors,They Weren't Born Yesterday!
512,Mary Shelley's Frankenstein,Be Warned.  It's Alive
513,Higher Learning,
514,Grumpier Old Men,Still Yelling. Still Fighting. Still Ready for Love.
515,The Stupids,As American as apple pie and twice as smart.
516,Bitter Moon,A kinky voyage with a full head of steam.
517,Weekend at Bernie's,"Bernie may be dead, but he's still the life of the party!"
518,Far from Home: The Adventures of Yellow Dog,Partners in survival. Friends for life.
519,Reckless,The most twisted Christmas ever.
520,Raging Bull,
521,GoldenEye,No limits. No fears. No substitutes.
522,True Lies,"When he said I do, he never said what he did."
523,American Buffalo,They had a plan. It wasn't worth a nickle.
524,Sleepers,When friendship runs deeper than blood.
525,The Lion King,Life's greatest adventure is finding your place in the Circle of Life.
526,The Hudsucker Proxy,They took him for a fall guy... but he threw them for a hoop.
527,Strictly Ballroom,A life lived in fear... ...is a life half lived
528,Looking for Richard,A four hundred year old work-in-progress.
529,The Babysitter,Something about her captures the imagination.
530,The Arrival,The greatest danger facing our world has been the planet's best kept secret... until now.
531,White Squall,
532,A Clockwork Orange,"Being the adventures of a young man whose principal interests are rape, ultra-violence and Beethoven."
533,The Confessional,
534,Twister,The Dark Side of Nature.
535,Roommates,
536,Big Night,"In love and life, one big night can change everything."
537,In the Line of Fire,An assassin on the loose. A president in danger. Only one man stands between them...
538,Crumb,Weird sex · Obsession · Comic books
539,Lawnmower Man 2: Beyond Cyberspace,"God made him simple. Science made him a god. Now, he wants revenge."
540,Apocalypse Now,This is the end...
541,Lightning Jack,
542,The Tie That Binds,
543,Only You,A love story written in the stars.
544,I.Q.,Think Love.
545,The Secret Garden,"The timeless tale of a special place where magic, hope and love grow."
546,Margaret's Museum,She found a way to preserve her memories forever.
547,Old Yeller,"All the heart, all the excitement of a great frontier adventure!"
548,The Pagemaster,All The Adventure Your Imagination Can Hold.
549,"Yes, Madam",
550,Operation Dumbo Drop,A Top-Secret Mission Of Gigantic Proportions!
551,Flirting with Disaster,"A comedy about sex, love, family and other accidents waiting to happen."
552,Before and After,A murder. A suspect. A shadow of a doubt.
553,The Remains of the Day,Diamond in the Rough
554,The Spitfire Grill,"To a town with no future, comes a girl with a past."
555,How To Make An American Quilt,There's beauty in the patterns of life.
556,Kaspar Hauser,
557,Private Benjamin,
558,Highlander: The Final Dimension,"Throughout time they have hunted each other fulfilling the prophecy, that there can be only one."
559,Beyond Bedlam,Psychological Terror Beyond Your Wildest Nightmares
560,Carrington,A Love so Unusual it has to be True
561,Red Rock West,Where nothing is as it seems.
562,A Walk in the Clouds,A man in search. A woman in need. A story of fate.
563,Dead Poets Society,He was their inspiration. He made their lives extraordinary.
564,Hear My Song,There's definitely magic in the air
565,Casablanca,They had a date with fate in Casablanca!
566,My Family,Three generations of dreams.
567,Lassie,Best Friends Are Forever
568,The Adventures of Pinocchio,A new angle on the classic tale... And that's no lie!
569,Tank Girl,"In 2033, justice rides a tank and wears lip gloss."
570,Little Buddha,A magical journey to a place where the past and present meet
571,Feeling Minnesota,"Just when she met the man of her dreams, along came her husband to ruin everything."
572,Wings of Desire,There are angels on the streets of Berlin.
573,Casper,Get an afterlife
574,Chungking Express,What a difference a day makes
575,The Doors,"The Ultimate Story of Sex, Drugs & Rock 'N' Roll"
576,The Shaggy Dog,"""I was a Teen-age boy!"""
577,Clueless,Sex. Clothes. Popularity. Is there a problem here?
578,Speed,Get ready for rush hour
579,The Bloody Child,An interior of violence.
580,Apollo 13,"Houston, we have a problem."
581,The Puppet Masters,Trust No One
582,The Cowboy Way,
583,Thinner,Let the curse fit the crime.
584,The Baby-Sitters Club,Friends Forever
585,Sabrina,You are cordially invited to the most surprising merger of the year.
586,The Funeral,"One family, one murder, too many lies."
587,The Pompatus of Love,Woman are a mystery
588,2 Days in the Valley,You have one minute to decide the rest of your life.
589,Farewell My Concubine,
590,Snow White and the Seven Dwarfs,"The Happiest, Dopiest, Grumpiest, Sneeziest movie of the year."
591,Aladdin and the King of Thieves,The Spectacular Adventure Continues!
592,Othello,"Envy, greed, jealousy and love."
593,The Net,"No driver's license, no credit cards, no passport, no access to her bank accounts in a foreign country ... She finds her identity stolen."
594,Little Women,"The story that has lived in our hearts for generations, now comes to the screen for the holidays."
595,Cinderella,The greatest love story ever told.
596,The Fox and the Hound,A story of two friends who didn't know they were supposed to be enemies.
597,Spellbound,The maddest love that ever possessed a woman.
598,Everyone Says I Love You,
599,Desperado,"When the smoke clears, it just means he's reloading."
600,Three Colors: Blue,
601,Flipper,This summer it's finally safe to go back in the water.
602,Girl 6,"A fresh, sassy and sexy comedy!"
603,The Apple Dumpling Gang,"Wanted: For chicanery, skulduggery, tomfoolery and habitual bungling!"
604,Father of the Bride Part II,Just When His World Is Back To Normal... He's In For The Surprise Of His Life!
605,The Neverending Story III: Escape from Fantasia,It's a brand new beginning in the adventure that never ends
606,"The Adventures of Priscilla, Queen of the Desert",She's back... Looking as gorgeous and outrageous as ever in a brand new frock.
607,Losing Isaiah,Who decides what makes a mother?
608,Henry V,The great adventure of a king who defied the odds to prove himself a man.
609,Once Upon a Time in the West,There were three men in her life. One to take her... one to love her... and one to kill her.
610,Total Eclipse,Touched by Genius. Cursed by Madness. Blinded by Love.
611,Rumble in the Bronx,No Fear. No Stuntman. No Equal.
612,The Great White Hype,If you can't find the perfect contender....make one.
613,Boys,No one stays innocent forever.
614,Safe,In the 21st century nobody will be... Safe.
615,The Sum of Us,We're all just . . . The Sum of Us.
616,Ninotchka,Greta Garbo laughs!
617,The Trigger Effect,"When Nothing Works, Anything Goes."
618,Singin' in the Rain,What a Glorious Feeling!
619,Emma,Cupid is armed and dangerous!
620,Harriet the Spy,On your case!
621,Chasers,It was supposed to be a routine prisoner transfer. But this was no ordinary prisoner.
622,Annie Hall,A nervous romance.
623,Babe,A little pig goes a long way.
624,The Howling,Imagine your worst fear a reality
625,The Doom Generation,Sex. Violence. Whatever.
626,Gone with the Wind,The greatest romance of all time!
627,Mallrats,They're not there to shop. They're not there to work. They're just there.
628,Waiting to Exhale,Friends are the people who let you be yourself... and never let you forget it.
629,The War Room,They Changed The Way Campaigns Are Won
630,Across the Sea of Time,
631,The Big Blue,Danger...Like Passion...Runs Deep
632,Freeway,Her life is no fairy tale.
633,Welcome to the Dollhouse,Not all girls want to play with dolls.
634,Swiss Family Robinson,THE ADVENTURE OF ADVENTURES!
635,Romper Stomper,Give Him Smack In Head Special ...
636,The Quick and the Dead,Think you are quick enough?
637,Twelfth Night,
638,High School High,A Dangerous Mind is a terrible thing to waste
639,Fluke,Unleash your imagination... and come along on a magical journey. Follow him home.
640,Nixon,"Triumphant in Victory, Bitter in Defeat. He Changed the World, But Lost a Nation."
641,Little Lord Fauntleroy,
642,What's Love Got to Do with It,Who needs a heart when a heart can be broken?
643,One Flew Over the Cuckoo's Nest,"If he's crazy, what does that make you?"
644,"Faster, Pussycat! Kill! Kill!",Go-Go For a Wild Ride With the ACTION GIRLS!
645,The Glass Shield,In a world filled with violence... his only weapon is the truth!
646,Leaving Las Vegas,I Love You... The Way You Are.
647,Return of the Jedi,The Empire Falls...
648,The Age of Innocence,In a world of tradition. In an age of innocence. They dared to break the rules.
649,The Program,From Different Worlds They Come To Prove Themselves In The Gritty World of College Football.
650,The Third Man,Hunted by men ... Sought by WOMEN!
651,The Candidate,Too Handsome. Too Young. Too Liberal. Doesn't have a chance. He's PERFECT!
652,Carpool,A dad in a hurry. A man on the run. And five kids with an attitude.
653,Funny Face,'S Wonderful! 'S Marvelous!
654,Unzipped,
655,Manhattan,Woody Allen's New Comedy Hit
656,Shall We Dance,"Foot-free Fred and joyous Ginger...in their gayest, gladdest show!"
657,Terminal Velocity,It's not the fall that kills you...
658,Alien,In space no one can hear you scream.
659,The Three Caballeros,
660,Fear,Together forever. Or else.
661,GoodFellas,Three Decades of Life in the Mafia.
662,Jeffrey,Love is an adventure when one of you is sure... and the other is positive.
663,Small Faces,You are now entering Tongland
664,Crimson Tide,Danger runs deep.
665,Phat Beach,Ain't nothin' but a g-string.
666,Police Story 3: Supercop,"There's never a cop around when you need one, but when this cop's around, all you need is one."
667,An Affair to Remember,In Italy... on the Mediterranean... across an ocean... and all over New York!
668,Muppet Treasure Island,Set sail for Muppet mayhem!
669,Farinelli,Où s'arrête le pouvoir de sa voix?
670,Eyes Without a Face,
671,Shopping,No one leaves without paying...
672,Getting Even with Dad,"..He's not getting mad, he's Getting Even With Dad."
673,Geronimo: An American Legend,A Warrior. A Leader. A Legend.
674,The Women,It's all about men!
675,Mystery Science Theater 3000: The Movie,Every year Hollywood makes hundreds of movies. This is one of them.
676,The Scarlet Letter,
677,Fled,See how they run.
678,The Young Poisoner's Handbook,
679,Dead Presidents,"In this daring heist, the only color that counts is green"
680,Congo,Where you are the endangered species.
681,Demolition Man,The 21st Century's most dangerous cop. The 21st Century's most ruthless criminal.
682,"Sex, Lies, and Videotape",
683,Circle of Friends,
684,Eraser,He will erase your past to protect your future.
685,The Lawnmower Man,God made him simple. Science made him a god.
686,The Reluctant Debutante,MGM presents the Comedy-Romance in luscious COLOR!
687,Batman: Under the Red Hood,Dare to Look Beneath the Hood.
688,Set It Off,It's about crime. It's about payback. It's about survival.
689,Powder,An extraordinary encounter with another human being.
690,Menace II Society,This is the truth. This is what's real.
691,Til There Was You,
692,Mi Vida Loca,Mothers. Warriors. Sisters. Survivors.
693,To Live,
694,Sunset Boulevard,A Hollywood Story
695,Courage Under Fire,A medal for honor. A search for justice. A battle for truth.
696,Heaven's Prisoners,"For an ex-cop obsessed with an unsolved murder, trusting the wrong woman could be a deadly choice."
697,The Relic,The Next Evolution In Terror.
698,Days of Thunder,You can't stop the thunder.
699,Miami Rhapsody,Love is great. Marriage is a completely different affair.
700,The Truth About Cats & Dogs,Brian's about to discover the woman he loves isn't the woman he loves.
701,Shallow Grave,The award winning thriller that'll bury you with laughs.
702,For Love or Money,He thought there was nothing as seductive as money. He was wrong.
703,Clockers,"When there's murder on the streets, everyone is a suspect."
704,Night of the Living Dead,"If it doesn't scare you, you're already dead!"
705,Ashes of Time,
706,Sophie's Choice,
707,The Pallbearer,Something magical is about to unfold in the most unexpected place.
708,Cat on a Hot Tin Roof,Just one pillow on her bed ... and just one desire in her heart!
709,Serial Mom,"Every Mom Wants to Be Wanted, But Not For Murder One!"
710,Gone Fishin',Even the fish are laughing!
711,Blue in the Face,Welcome to the planet Brooklyn.
712,Beyond Rangoon,Truth has a witness
713,The Sound of Music,The happiest sound in all the world!
714,Bob Roberts,Vote first.  Ask questions later.
715,Penny Serenade,"""Remember the tune they were singing the night we fell in love?..."""
716,The Gate of Heavenly Peace,
717,Reality Bites,A comedy about love in the '90s
718,North,A family comedy that appeals to the child in everyone.
719,Bullets Over Broadway,
720,Strange Days,You know you want it.
721,Boomerang,A Player Who's About to be Played.
722,Trees Lounge,
723,Cosi,
724,Rob Roy,Honor made him a man. Courage made him a hero. History made him a legend.
725,Withnail & I,"If you don't remember the sixties, don't worry - neither did they."
726,White Man's Burden,Reality Just Switched Sides
727,Mulholland Falls,"This isn't America, this is Los Angeles."
728,Priest,"In a world of rituals, in a place of secrets, a man must choose between keeping the faith and exposing the truth."
729,The Specialist,The government taught him to kill. Now he's using his skills to help a woman seek revenge against the Miami underworld.
730,Dangerous Game,TURBULENCE REDEMPTION HOLLYWOOD
731,The Boys of St. Vincent,
732,Smoke,Where there's smoke... there's laughter!
733,Billy Madison,Billy is going back to school... Way back.
734,Judgment Night,Don't move. Don't whisper. Don't even breathe.
735,A Little Princess,Every girl everywhere is a princess.
736,The Firm,Power can be murder to resist.
737,It's a Wonderful Life,It's a wonderful laugh! It's a wonderful love!
738,Laura,The story of a love that became the most fearful thing that ever happened to a woman!
739,The Abyss,"There's everything you've ever known about adventure, and then there's The Abyss."
740,Top Hat,They're Dancing Cheek-To-Cheek Again!
741,The Crying Game,Play At Your Own Risk.
742,Angela,
743,Gold Diggers: The Secret of Bear Mountain,Some friendships are worth a fortune
744,Dazed and Confused,See it with a bud.
745,The Inspector General,A new comedy kayo from Warner Bros.
746,T-Men,Terrific... and true!
747,Gaslight,Strange drama of a captive sweetheart!
748,Monty Python and the Holy Grail,And now! At Last! Another film completely different from some of the other films which aren't quite the same as this one is.
749,Ed Wood,"When it came to making bad movies, Ed Wood was the best."
750,Maya Lin: A Strong Clear Vision,The story of The Vietnam Veterans Memorial and its inspiring creator.
751,Snowriders,Man Wasn't Meant To Fly... Until Now!
752,Foreign Correspondent,The thrill spectacle of the year!
753,Bonnie and Clyde,They’re young… they’re in love… and they kill people.
754,Faust,
755,The Rock,Alcatraz.  Only one man has ever broken out.  Now five million lives depend on two men breaking in.
756,Alice in Wonderland,A world of wonders in One Great Picture
757,Love in the Afternoon,Love is a game any number can play... especially in the afternoon...
758,Blue Chips,
759,Ran,The Greatest Shakespeare Film
760,Trial by Jury,"For one juror, the question of guilt or innocence is a matter of life or death... her own."
761,New Jersey Drive,The Only Thing That Matters Is The Ride
762,The Parent Trap,
763,Killing Zoe,
764,Sliver,You like to watch... don't you?
765,Catwalk,"The moment when fashion, art and entertainment come together with stunning force and beauty."
766,House Arrest,There's More Than One Way To Keep A Marriage Together...
767,Houseguest,
768,Madonna: Truth or Dare,
769,The Quest,Go the distance
770,Alaska,A missing father. A desperate search. An unforgettable adventure.
771,Addams Family Values,The Family Just Got A Little Stranger
772,The Quiet Man,Action...Excitement...Romance...Fill the Screen !
773,Die Hard,40 Stories. Twelve Terrorists. One Cop.
774,Immortal Beloved,
775,Angel and the Badman,He lived only for revenge...She lived only for his love!
776,A Very Brady Sequel,The more everything changes the more they stay the same.
777,The War,
778,The Grass Harp,Love is a chain of love... as nature is a chain of life.
779,Fear of a Black Hat,The First Drive-By Comedy
780,Palookaville,One foot in the door. The other one in the gutter.
781,Kansas City,"Kansas City, 1934. Anything could happen here. One night it did."
782,Wolf,The animal is out.
783,Man of the House,Jack wants to marry Ben's mother. But there are strings attached.
784,Sabrina,...the chauffeur's daughter who learned her stuff in Paris
785,Barb Wire,Don't call me babe!
786,Force of Evil,
787,Queen Margot,
788,The Air Up There,
789,Blink,"What you can't see, can kill you."
790,Hideaway,He was bought back from the dead... but he didn't come back alone.
791,The Princess Bride,It's as real as the feelings you feel.
792,"Davy Crockett, King of the Wild Frontier",NOW...on the MOTION PICTURE SCREEN!
793,The Ref,They might be his hostages but what they're doing to this guy is criminal.
794,The Paper,"A behind-the-lines look at work, marriage and other forms of combat."
795,Threesome,One girl. Two guys. Three possibilities.
796,Carmen Miranda: Bananas Is My Business,
797,Das Boot,When the hunters become the hunted
798,The Last Time I Saw Paris,The sensational story of youth on a fling
799,Dear God,Many people write to God. Somebody is answering.
800,Drop Dead Fred,Dishes. Relationships. Wind. This guy breaks everything.
801,The Craft,Welcome to the witching hour.
802,Get on the Bus,"On October 16, 1996, the one year anniversary of the Million Man March, Spike Lee invites you to lift your head, raise your voice, and...get on the bus."
803,The Rich Man's Wife,Someone Is Playing A Very Deadly Game...
804,Heavy,
805,That Thing You Do!,In every life there comes a time when that dream you dream becomes that thing you do.
806,Ed,Minor league. Major friendship.
807,"The Good, the Bad and the Ugly",For three men the Civil War wasn't hell. It was practice.
808,Purple Noon,Passion at ten. Envy at eleven. Murder at noon.
809,Beat the Devil,They're Out To Beat the Devil At His Own Game!
810,The Crossing Guard,"...some lives cross, others collide."
811,A Kid in King Arthur's Court,Joust Do It.
812,Escape from L.A.,Snake Is Back.
813,First Knight,Their greatest battle would be for her love.
814,Spanking the Monkey,A gripping comedy about letting go.
815,Assassins,"In the shadows of life, In the business of death, One man found a reason to live..."
816,Pretty Woman,Who knew it was so much fun to be a hooker?
817,Mad Love,A wild and sexy adventure!
818,The Fan,All fans have a favorite player.  This one has a favorite target.
819,E.T. the Extra-Terrestrial,He is afraid. He is alone. He is three million light years from home.
820,Jude,A time without pity. A society without mercy. A love without equal.
821,To Gillian on Her 37th Birthday,Some love lasts a lifetime. Real love lasts forever.
822,My Left Foot: The Story of Christy Brown,"A film about life, laughter, and the occasional miracle."
823,Rear Window,It only takes one witness to spoil the perfect crime.
824,Black Sheep,There's one in every family.
825,All Dogs Go to Heaven 2,Heaven help us! Look who's back in the adventure of 2 lifetimes.
826,Junior,Nothing is inconceivable
827,The Maltese Falcon,A story as EXPLOSIVE as his BLAZING automatics!
828,The Superwife,
829,The Crow: City of Angels,Believe in the power of another
830,Naked,
831,Bread and Chocolate,You'll Laugh Till Your Heart Breaks
832,The Old Man and the Sea,SPENCER TRACY in his most suspenseful role...ERNEST HEMINGWAY'S story of Heroism...Defeat...Victory!
833,Castle Freak,Hideous... hungry... and loose!
834,Carlito's Way,He's got a good future if he can live past next week.
835,The African Queen,The greatest adventure a man ever lived...with a woman!
836,Color of Night,"In the heat of desire, love can turn to deception. Nothing is what it seems when day turns into night."
837,Gigi,Thank heaven for Gigi
838,Surviving Picasso,Only his passion for women could rival his passion for painting.
839,Exotica,"In a world of temptation, obsession is the deadliest desire."
840,Batman & Robin,Strength. Courage. Honor. And loyalty.
841,The Adventures of Robin Hood,Excitement...Danger...Suspense...as this classic adventure story sweeps across the screen!
842,Stalingrad,
843,Microcosmos,
844,Celtic Pride,"If you can't beat 'em, steal him."
845,The Apartment,"Movie-wise, there has never been anything like it - laugh-wise, love-wise, or otherwise-wise!"
846,Fargo,A lot can happen in the middle of nowhere.
847,Wild Reeds,
848,Ransom,Someone is going to pay.
849,Vampire in Brooklyn,A comic tale of horror and seduction.
850,Fly Away Home,
851,The Philadelphia Story,Broadway's howling year-run comedy hit of the snooty society beauty who slipped and fell - IN LOVE!
852,Moll Flanders,The remarkable story of one woman's unbreakable spirit.
853,Fatal Instinct,"Sex, murder and revenge were never this funny."
854,Surviving the Game,The ultimate manhunt.
855,Dead Man Walking,
856,Money Train,"Get on, or GET OUT THE WAY!"
857,His Girl Friday,She learned about men from him!
858,Robin Hood: Prince of Thieves,"For the good of all men, and the love of one woman, he fought to uphold justice by breaking the law."
859,Before the Rain,Once You Know The Faces You Will Begin To Understand The Story
860,Up Close & Personal,"Every Day we Have, is One More Than We Deserve."
861,Cutthroat Island,The Course Has Been Set. There Is No Turning Back. Prepare Your Weapons. Summon Your Courage. Discover the Adventure of a Lifetime!
862,Madame Butterfly,
863,Hoop Dreams,An Extraordinary True Story.
864,The Shadow,The Shadow Knows!
865,Lost Horizon,At Last ! . . . The Masterpiece Of America's Foremost Film Genius Blazes To The Screen !
866,Bad Girls,It was a dangerous time to be a woman. And a good time to have friends.
867,Three Colors: White,
868,The Fugitive,A murdered wife. A one-armed man. An obsessed detective. The chase begins.
869,Larger Than Life,He's got 5 days to go coast-to-coast. (There's just one BIG problem.)
870,Cabin Boy,"He's Setting Sail On The High Seas... Without A Rudder, A Compass, Or A Clue!"
871,Coup de Torchon,
872,Son in Law,He's a relative nightmare.
873,The Amazing Panda Adventure,"In the sweeping highlands of China, a boy begins a magical journey to save the life of a natural wonder."
874,Mighty Aphrodite,
875,Radioland Murders,"At station WBN, the hits just keep on coming."
876,I Shot Andy Warhol,You only get one shot at fame.
877,Pie in the Sky,The only thing that stands in the way of fate and true love is a little traffic.
878,The Godfather: Part II,"I don't feel I have to wipe everybody out, Tom. Just my enemies."
879,Bhaji on the Beach,
880,So Dear to My Heart,
881,To Kill a Mockingbird,
882,The Big Green,The biggest kick of the year!
883,Caught,
884,Jumanji,Roll the dice and unleash the excitement!
885,Die Hard: With a Vengeance,Think fast. Look alive. Die hard.
886,Persuasion,
887,A Simple Twist of Fate,A twist of fate brought them something wonderful... Each other!
888,Barcelona,Americans. Anti Americans. In Love.
889,The Umbrellas of Cherbourg,a film for all the young lovers of the world
890,The Band Wagon,Get Aboard!
891,Eat Drink Man Woman,
892,The 39 Steps,Handcuffed to the girl who double-crossed him
893,Richard III,"I can smile, and murder while I smile"
894,A Fish Called Wanda,"A tale of murder, lust, greed, revenge, and seafood."
895,It Could Happen to You,A cop. A waitress. A lottery ticket.
896,The Wizard of Oz,"We're off to see the Wizard, the wonderful Wizard of Oz!"
897,Bulletproof,Tough cop. Hostile witness.
898,Mother Night,The truth is more shocking than the uniform he wears... HE WAS AN AMERICAN SPY.
899,The Santa Clause,What if your dad was Santa Claus?
900,Tin Cup,Golf Pro. Love Amateur.
901,Major Payne,He's looking for a few good men... or a few guys old enough to shave.
902,For Whom the Bell Tolls,Thunderous! Tender! Touching!
903,The Next Karate Kid,Who says the good guy has to be a guy?
904,What Happened Was...,
905,Rosencrantz & Guildenstern Are Dead,
906,Extreme Measures,Not all surgery is intended to cure.
907,Shadow Conspiracy,
908,Nina Takes a Lover,Sometimes you have to break your vow to keep your promise.
909,Before Sunrise,Can the greatest romance of your life last only one night?
910,Hackers,"There is no right or wrong, only fun and boring"
911,The Flower of My Secret,Every woman has a secret...
912,An American in Paris,What a joy! It's M-G-M's Technicolor musical!
913,Dave,"In a country where anybody can become President, anybody just did."
914,The Ballad of Narayama,
915,The Road to Wellville,A comedy of the heart and other organs.
916,Escape to Witch Mountain,Caught in a world where they don't belong... they have one chance to escape!
917,The Ghost and Mrs. Muir,THE SPIRIT... so willing! THE FLESH... so weak! THE ROMANCE... so wonderful!
918,City Hall,It started with a shootout on a rainswept street and ended in a scandal that shattered New York.
919,Denise Calls Up,"A hilarious heart-ringing fable about life, love and hangups."
920,Boxing Helena,"Beyond love, beyond obsession, there hides something beyond reason."
921,Batman Forever,"Courage now, truth always..."
922,Enchanted April,"It's April in Italy, and anything can happen...even love."
923,Once Upon a Time in America,"Crime, passion and lust for power - Sergio Leone's explosive saga of gangland America."
924,Primal Fear,"Sooner or later, a man who wears two faces forgets which one is real."
925,Kicking and Screaming,Anxiety loves company.
926,The Cure,The best cure for a disease is friendship
927,Copycat,"One man is copying the most notorious killers in history one at a time. Together, two women must stop him from killing again. Or they're next."
928,My Man Godfrey,
929,Tombstone,Justice is coming.
930,Live Nude Girls,"Sex, Lies and Fantasies... Unrated!"
931,In the Realm of the Senses,
932,The Secret Adventures of Tom Thumb,A nursery crime of epic proportions...
933,Last Summer in the Hamptons,
934,"The Wonderful, Horrible Life of Leni Riefenstahl",
935,A Christmas Carol,"Greater than ""David Copperfield"" !"
936,Land and Freedom,The fight against fascism begins with the fight against Stalinism.
937,Mrs. Parker and the Vicious Circle,"New York in the 1920's. The only place to be was the Algonquin, and the only person to know was Dorothy Parker."
938,Giant,The legendary epic that's as big as Texas.
939,Just Cause,Buried deep in the Florida Everglades is a secret that can save an innocent man or let a killer kill again.
940,Toy Story,
941,Virtuosity,Justice needs a new program.
942,True Crime,Trust no one.
943,Blue Sky,"In a world of secrets, love is the most powerful weapon."
944,Poison Ivy II: Lily,Passion. Seduction. Betrayal. Lily wanted to be just like Ivy.
945,Kids,
946,Mary Poppins,It's supercalifragilisticexpialidocious!
947,Local Hero,
948,Jack,Jack Powell is about to tackle his biggest adventure ever... the fifth grade!
949,The Chamber,
950,Schindler's List,"Whoever saves one life, saves the world entire."
951,Amadeus,...Everything you've heard is true
952,Thirty Two Short Films About Glenn Gould,The sound of genius.
953,"20,000 Leagues Under the Sea",The mightiest motion picture of them all!
954,Kiss of Death,
955,A Family Thing,"With family, everything is relative."
956,The Innocents,Apparitions? Evils? Corruptions?
957,Carried Away,A story of first loves and last chances.
958,The Empire Strikes Back,The Adventure Continues...
959,Foxfire,It took them 17 years to learn the rules. And one week to break them all.
960,Paris is Burning,Having a ball... Wish you were here.
961,Three Wishes,"If you really believe, magic will find you"
962,Mr. Smith Goes to Washington,"Romance, drama, laughter and heartbreak... created out of the very heart and soil of America!"
963,Cyclo,
964,Rising Sun,A collision of East and West. A conspiracy of seduction and murder. A battle between tradition and power. Business is war.
965,The First Wives Club,Don't get mad. Get everything.
966,True Romance,"Stealing, Cheating, Killing. Who said romance was dead?"
967,Se7en,Seven deadly sins. Seven ways to die.
968,Renaissance Man,"One Man's Mission To Teach The Few, The Proud... The Impossible!"
969,The Last Supper,Love... Sex... Life... Death. In this house it's all on the table.
970,The Long Kiss Goodnight,What's forgotten is not always gone.
971,Meet Me in St. Louis,M·G·M's glorious love story with music!
972,Little Odessa,Brothers in blood. Partners in crime.
973,Sudden Death,Terror goes into overtime.
974,The Walking Dead,Surviving the streets was just a rehearsal.
975,Mrs. Doubtfire,She makes dinner. She does windows. She reads bedtime stories. She's a blessing... in disguise.
976,Free Willy 2 - The Adventure Home,The adventure is back. The fun is back. Willy's back. And this time he's brought his whole family to meet an old friend ... and take on a new challenge.
977,The Perez Family,"On the way to finding a family, she found love."
978,Tie Me Up! Tie Me Down!,A love story... With strings attached!
979,"To Wong Foo, Thanks for Everything! Julie Newmar",Attitude is everything
980,Blown Away,5. 4. 3. 2. 1......Time's Up.
981,Bliss,Love is only the beginning.
982,Widows' Peak,
983,Short Cuts,Short Cuts raises the roof on America.
984,The Mask,From zero to hero.
985,The Mark of Zorro,
986,Tom & Viv,"For better, for worse, forever."
987,My Life and Times With Antonin Artaud,
988,Frankie Starlight,Sometimes the brightest star is the one that shines within.
989,The Frighteners,No Rest for the Wicked.
990,A Damsel in Distress,
991,Beautiful Girls,"Good times never seemed so good,"
992,Above the Rim,Some games you play. Some games play you.
993,The White Balloon,
994,Mr. Wonderful,Sometimes love is a stranger. And sometimes it's someone you've known all your life.
995,The Crow,Real love is forever.
996,Dolores Claiborne,"Sometimes, an accident can be an unhappy woman's best friend."
997,Philadelphia,No one would take on his case... until one man was willing to take on the system.
998,Steal Big Steal Little,Two brothers. One fortune. Zero chance they'll share it.
999,Dead Man,No one can survive becoming a legend.
1000,Tom and Huck,The Original Bad Boys.
1001,Basquiat,"In 1981, A Nineteen-Year-Old Unknown Graffiti Writer Took The New York Art World By Storm. The Rest Is Art History."
1002,Mr. Holland's Opus,"Of All the Lives He Changed, the One That Changed the Most Was His Own."
1003,Bottle Rocket,"They're not really criminals, but everyone's got to have a dream."
1004,Natural Born Killers,The Media Made Them Superstars.
1005,Normal Life,They found the American Dream ... One bullet at a time!
1006,In the Name of the Father,Falsely accused. Wrongly imprisoned. He fought for justice to clear his father's name.
1007,La Haine,Three Young Friends... One Last Chance.
