,title,url
0,10 top time-saving tech tips,"https://www.ted.com/talks/david_pogue_10_top_time_saving_tech_tips
"
1,Who am I? Think again,"https://www.ted.com/talks/hetain_patel_who_am_i_think_again
"
2,"""Awoo""","https://www.ted.com/talks/sofi_tukker_awoo
"
3,"What I learned from 2,000 obituaries","https://www.ted.com/talks/lux_narayan_what_i_learned_from_2_000_obituaries
"
4,Why giving away our wealth has been the most satisfying thing we've done,"https://www.ted.com/talks/bill_and_melinda_gates_why_giving_away_our_wealth_has_been_the_most_satisfying_thing_we_ve_done
"
5,How to save the world (or at least yourself) from bad meetings,"https://www.ted.com/talks/david_grady_how_to_save_the_world_or_at_least_yourself_from_bad_meetings
"
6,Photos that changed the world,"https://www.ted.com/talks/jonathan_klein_photos_that_changed_the_world
"
7,"For parents, happiness is a very high bar","https://www.ted.com/talks/jennifer_senior_for_parents_happiness_is_a_very_high_bar
"
8,Cradle to cradle design,"https://www.ted.com/talks/william_mcdonough_on_cradle_to_cradle_design
"
9,"To create for the ages, let's combine art and engineering","https://www.ted.com/talks/bran_ferren_to_create_for_the_ages_let_s_combine_art_and_engineering
"
10,Art made of storms,"https://www.ted.com/talks/nathalie_miebach
"
11,How I'm fighting bias in algorithms,"https://www.ted.com/talks/joy_buolamwini_how_i_m_fighting_bias_in_algorithms
"
12,There's no shame in taking care of your mental health,"https://www.ted.com/talks/sangu_delle_there_s_no_shame_in_taking_care_of_your_mental_health
"
13,Singing the primal mystery,"https://www.ted.com/talks/claron_mcfadden_singing_the_primal_mystery
"
14,Fighters and mourners of the Ukrainian revolution,"https://www.ted.com/talks/anastasia_taylor_lind_fighters_and_mourners_of_the_ukrainian_revolution
"
15,What really motivates people to be honest in business,"https://www.ted.com/talks/alexander_wagner_what_really_motivates_people_to_be_honest_in_business
"
16,3 ways to spot a bad statistic,"https://www.ted.com/talks/mona_chalabi_3_ways_to_spot_a_bad_statistic
"
17,Why stay in Chernobyl? Because it's home.,"https://www.ted.com/talks/holly_morris_why_stay_in_chernobyl_because_it_s_home
"
18,How the blockchain will radically transform the economy,"https://www.ted.com/talks/bettina_warburg_how_the_blockchain_will_radically_transform_the_economy
"
19,The hidden influence of social networks,"https://www.ted.com/talks/nicholas_christakis_the_hidden_influence_of_social_networks
"
20,How your brain tells you where you are,"https://www.ted.com/talks/neil_burgess_how_your_brain_tells_you_where_you_are
"
21,How to get better at the things you care about,"https://www.ted.com/talks/eduardo_briceno_how_to_get_better_at_the_things_you_care_about
"
22,A new equation for intelligence,"https://www.ted.com/talks/alex_wissner_gross_a_new_equation_for_intelligence
"
23,The hunt for General Tso,"https://www.ted.com/talks/jennifer_8_lee_looks_for_general_tso
"
24,How the Internet enables intimacy,"https://www.ted.com/talks/stefana_broadbent_how_the_internet_enables_intimacy
"
25,How data from a crisis text line is saving lives,"https://www.ted.com/talks/nancy_lublin_the_heartbreaking_text_that_inspired_a_crisis_help_line
"
26,Happiness in body and soul,"https://www.ted.com/talks/eve_ensler_on_happiness_in_body_and_soul
"
27,"A dance in a hurricane of paper, wind and light","https://www.ted.com/talks/aakash_odedra_a_dance_in_a_hurricane_of_paper_wind_and_light
"
28,A vision for sustainable restaurants,"https://www.ted.com/talks/arthur_potts_dawson_a_vision_for_sustainable_restaurants
"
29,Visualizing the wonder of a living cell,"https://www.ted.com/talks/david_bolinsky_animates_a_cell
"
30,Why would God create a tsunami?,"https://www.ted.com/talks/tom_honey_on_god_and_the_tsunami
"
31,A hospital tour in Nigeria,"https://www.ted.com/talks/dr_seyi_oyesola_tours_a_hospital_in_nigeria
"
32,Dance to change the world,"https://www.ted.com/talks/mallika_sarabhai
"
33,Why we shouldn't trust markets with our civic life,"https://www.ted.com/talks/michael_sandel_why_we_shouldn_t_trust_markets_with_our_civic_life
"
34,Why buses represent democracy in action,"https://www.ted.com/talks/enrique_penalosa_why_buses_represent_democracy_in_action
"
35,The playful search for beauty,"https://www.ted.com/talks/eva_zeisel_on_the_playful_search_for_beauty
"
36,10 ways to have a better conversation,"https://www.ted.com/talks/celeste_headlee_10_ways_to_have_a_better_conversation
"
37,Science can answer moral questions,"https://www.ted.com/talks/sam_harris_science_can_show_what_s_right
"
38,"How I learned to stop worrying and love ""useless"" art","https://www.ted.com/talks/luke_syson_how_i_learned_to_stop_worrying_and_love_useless_art
"
39,A flying camera ... on a leash,"https://www.ted.com/talks/sergei_lupashin_a_flying_camera_on_a_leash
"
40,Does money make you mean?,"https://www.ted.com/talks/paul_piff_does_money_make_you_mean
"
41,Haiti's disaster of engineering,"https://www.ted.com/talks/peter_haas_haiti_s_disaster_of_engineering
"
42,"""St. James Infirmary Blues""","https://www.ted.com/talks/silk_road_ensemble_rhiannon_giddens_st_james_infirmary_blues
"
43,Meet e-Patient Dave,"https://www.ted.com/talks/dave_debronkart_meet_e_patient_dave
"
44,How radio telescopes show us unseen galaxies,"https://www.ted.com/talks/natasha_hurley_walker_how_radio_telescopes_show_us_unseen_galaxies
"
45,When people of Muslim heritage challenge fundamentalism,"https://www.ted.com/talks/karima_bennoune_the_side_of_terrorism_that_doesn_t_make_headlines
"
46,The music wars,"https://www.ted.com/talks/david_pogue_on_the_music_wars
"
47,"Meet BRCK, Internet access built for Africa","https://www.ted.com/talks/juliana_rotich_meet_brck_internet_access_built_for_africa
"
48,A light switch for neurons,"https://www.ted.com/talks/ed_boyden
"
49,A life lesson from a volunteer firefighter,"https://www.ted.com/talks/mark_bezos_a_life_lesson_from_a_volunteer_firefighter
"
50,The unheard story of David and Goliath,"https://www.ted.com/talks/malcolm_gladwell_the_unheard_story_of_david_and_goliath
"
51,Meet the inventor of the electronic spreadsheet,"https://www.ted.com/talks/dan_bricklin_meet_the_inventor_of_the_electronic_spreadsheet
"
52,A future beyond traffic gridlock,"https://www.ted.com/talks/bill_ford_a_future_beyond_traffic_gridlock
"
53,To upgrade is human,"https://www.ted.com/talks/gregory_stock_to_upgrade_is_human
"
54,How to succeed? Get more sleep,"https://www.ted.com/talks/arianna_huffington_how_to_succeed_get_more_sleep
"
55,Letting go of God,"https://www.ted.com/talks/julia_sweeney_on_letting_go_of_god
"
56,The business logic of sustainability,"https://www.ted.com/talks/ray_anderson_on_the_business_logic_of_sustainability
"
57,An Iraq war movie crowd-sourced from soldiers,"https://www.ted.com/talks/deborah_scranton_on_her_war_tapes
"
58,"On violin and cello, ""Passacaglia""","https://www.ted.com/talks/robert_gupta_and_joshua_roman_duet_on_passacaglia
"
59,You can grow new brain cells. Here's how,"https://www.ted.com/talks/sandrine_thuret_you_can_grow_new_brain_cells_here_s_how
"
60,A brain in a supercomputer,"https://www.ted.com/talks/henry_markram_supercomputing_the_brain_s_secrets
"
61,Turning trash into toys for learning,"https://www.ted.com/talks/arvind_gupta_turning_trash_into_toys_for_learning
"
62,Sometimes it's good to give up the driver's seat,"https://www.ted.com/talks/baba_shiv_sometimes_it_s_good_to_give_up_the_driver_s_seat
"
63,How an obese town lost a million pounds,"https://www.ted.com/talks/mick_cornett_how_an_obese_town_lost_a_million_pounds
"
64,Why our IQ levels are higher than our grandparents',"https://www.ted.com/talks/james_flynn_why_our_iq_levels_are_higher_than_our_grandparents
"
65,India's invisible innovation,"https://www.ted.com/talks/nirmalya_kumar_india_s_invisible_entrepreneurs
"
66,A secret memorial for civilian casualties,"https://www.ted.com/talks/matt_kenyon_how_i_snuck_a_memorial_for_iraqi_civilians_into_the_us_government
"
67,What humans can learn from semi-intelligent slime,"https://www.ted.com/talks/heather_barnett_what_humans_can_learn_from_semi_intelligent_slime_1
"
68,A father-daughter dance ... in prison,"https://www.ted.com/talks/angela_patton_a_father_daughter_dance_in_prison
"
69,New rules for rebuilding a broken nation,"https://www.ted.com/talks/paul_collier_s_new_rules_for_rebuilding_a_broken_nation
"
70,Crowdsource your health,"https://www.ted.com/talks/lucien_engelen_crowdsource_your_health
"
71,An entertainment icon on living a life of meaning,"https://www.ted.com/talks/norman_lear_an_entertainment_icon_on_living_a_life_of_meaning
"
72,Image recognition that triggers augmented reality,"https://www.ted.com/talks/matt_mills_image_recognition_that_triggers_augmented_reality
"
73,How equal do we want the world to be? You'd be surprised,"https://www.ted.com/talks/dan_ariely_how_equal_do_we_want_the_world_to_be_you_d_be_surprised
"
74,Why I'm rowing across the Pacific,"https://www.ted.com/talks/roz_savage_why_i_m_rowing_across_the_pacific
"
75,Drawings that show the beauty and fragility of Earth,"https://www.ted.com/talks/zaria_forman_drawings_that_show_the_beauty_and_fragility_of_earth
"
76,"Unseen footage, untamed nature","https://www.ted.com/talks/karen_bass_unseen_footage_untamed_nature
"
77,The single biggest reason why startups succeed,"https://www.ted.com/talks/bill_gross_the_single_biggest_reason_why_startups_succeed
"
78,The human insights missing from big data,"https://www.ted.com/talks/tricia_wang_the_human_insights_missing_from_big_data
"
79,What do we do when antibiotics don't work any more?,"https://www.ted.com/talks/maryn_mckenna_what_do_we_do_when_antibiotics_don_t_work_any_more
"
80,Adventures in Twitter fiction,"https://www.ted.com/talks/andrew_fitzgerald_adventures_in_twitter_fiction
"
81,The paradox of choice,"https://www.ted.com/talks/barry_schwartz_on_the_paradox_of_choice
"
82,My message of peace from Pakistan,"https://www.ted.com/talks/asher_hasan_s_message_of_peace_from_pakistan
"
83,Pop culture in the Arab world,"https://www.ted.com/talks/shereen_el_feki_pop_culture_in_the_arab_world
"
84,Are we designed to be sexual omnivores?,"https://www.ted.com/talks/christopher_ryan_are_we_designed_to_be_sexual_omnivores
"
85,The hidden light of Afghanistan,"https://www.ted.com/talks/monika_bulaj_the_hidden_light_of_afghanistan
"
86,A complicated hero in the war on dictatorship,"https://www.ted.com/talks/samantha_power_on_a_complicated_hero
"
87,The sore problem of prosthetic limbs,"https://www.ted.com/talks/david_sengeh_the_sore_problem_of_prosthetic_limbs
"
88,How we're harnessing nature's hidden superpowers,"https://www.ted.com/talks/oded_shoseyov_how_we_re_harnessing_nature_s_hidden_superpowers
"
89,4 pillars of college success in science,"https://www.ted.com/talks/freeman_hrabowski_4_pillars_of_college_success_in_science
"
90,What happens when our computers get smarter than we are?,"https://www.ted.com/talks/nick_bostrom_what_happens_when_our_computers_get_smarter_than_we_are
"
91,The transformative power of classical music,"https://www.ted.com/talks/benjamin_zander_on_music_and_passion
"
92,Hunting for dinosaurs showed me our place in the universe,"https://www.ted.com/talks/kenneth_lacovara_hunting_for_dinosaurs_showed_me_our_place_in_the_universe
"
93,A dance to honor Mother Earth,"https://www.ted.com/talks/jon_boogz_and_lil_buck_a_dance_to_honor_mother_earth
"
94,"Fun, fierce and fantastical African art","https://www.ted.com/talks/wanuri_kahiu_fun_fierce_and_fantastical_african_art
"
95,7 rules for making more happiness,"https://www.ted.com/talks/stefan_sagmeister_7_rules_for_making_more_happiness
"
96,How to avoid surveillance ... with the phone in your pocket,"https://www.ted.com/talks/christopher_soghoian_a_brief_history_of_phone_wiretapping_and_how_to_avoid_it
"
97,Israel and Iran: A love story?,"https://www.ted.com/talks/israel_and_iran_a_love_story
"
98,The wireless future of medicine,"https://www.ted.com/talks/eric_topol_the_wireless_future_of_medicine
"
99,The year I was homeless,"https://www.ted.com/talks/becky_blanton_the_year_i_was_homeless
"
100,What doctors don't know about the drugs they prescribe,"https://www.ted.com/talks/ben_goldacre_what_doctors_don_t_know_about_the_drugs_they_prescribe
"
101,This virtual lab will revolutionize science class,"https://www.ted.com/talks/michael_bodekaer_this_virtual_lab_will_revolutionize_science_class
"
102,How I hacked online dating,"https://www.ted.com/talks/amy_webb_how_i_hacked_online_dating
"
103,New insights on poverty,"https://www.ted.com/talks/hans_rosling_reveals_new_insights_on_poverty
"
104,4 lessons I learned from taking a stand against drugs and gun violence,"https://www.ted.com/talks/ilona_szabo_de_carvalho_4_lessons_i_learned_from_taking_a_stand_against_drugs_and_gun_violence
"
105,The clues to a great story,"https://www.ted.com/talks/andrew_stanton_the_clues_to_a_great_story
"
106,The route to a sustainable future,"https://www.ted.com/talks/alex_steffen_sees_a_sustainable_future
"
107,"See invisible motion, hear silent sounds","https://www.ted.com/talks/michael_rubinstein_see_invisible_motion_hear_silent_sounds_cool_creepy_we_can_t_decide
"
108,The  4 a.m. mystery,"https://www.ted.com/talks/rives_on_4_a_m
"
109,"You smell with your body, not just your nose","https://www.ted.com/talks/jennifer_pluznick_you_smell_with_your_body_not_just_your_nose
"
110,Why not make video games for girls?,"https://www.ted.com/talks/brenda_laurel_on_making_games_for_girls
"
111,The gospel of doubt,"https://www.ted.com/talks/casey_gerald_the_gospel_of_doubt
"
112,How Africa can keep rising,"https://www.ted.com/talks/ngozi_okonjo_iweala_how_africa_can_keep_rising
"
113,Will our kids be a different species?,"https://www.ted.com/talks/juan_enriquez_will_our_kids_be_a_different_species
"
114,A demo of wireless electricity,"https://www.ted.com/talks/eric_giler_demos_wireless_electricity
"
115,Want to be happier? Stay in the moment,"https://www.ted.com/talks/matt_killingsworth_want_to_be_happier_stay_in_the_moment
"
116,Is the obesity crisis hiding a bigger problem?,"https://www.ted.com/talks/peter_attia_what_if_we_re_wrong_about_diabetes
"
117,Profit’s not always the point,"https://www.ted.com/talks/harish_manwani_profit_s_not_always_the_point
"
118,The DIY orchestra of the future,"https://www.ted.com/talks/ge_wang_the_diy_orchestra_of_the_future
"
119,The day I stood up alone,"https://www.ted.com/talks/boniface_mwangi_boniface_mwangi_the_day_i_stood_up_alone
"
120,Averting the climate crisis,"https://www.ted.com/talks/al_gore_on_averting_climate_crisis
"
121,1.3m reasons to re-invent the syringe,"https://www.ted.com/talks/marc_koska_the_devastating_toll_of_syringe_reuse
"
122,A glimpse of life on the road,"https://www.ted.com/talks/kitra_cahana_stories_of_the_homeless_and_hidden
"
123,A broken body isn't a broken person,"https://www.ted.com/talks/janine_shepherd_a_broken_body_isn_t_a_broken_person
"
124,How we'll fight the next deadly virus,"https://www.ted.com/talks/pardis_sabeti_how_we_ll_fight_the_next_deadly_virus
"
125,How to protect fast-growing cities from failing,"https://www.ted.com/talks/robert_muggah_how_to_protect_fast_growing_cities_from_failing
"
126,My 12 pairs of legs,"https://www.ted.com/talks/aimee_mullins_prosthetic_aesthetics
"
127,A better way to talk about love,"https://www.ted.com/talks/mandy_len_catron_a_better_way_to_talk_about_love
"
128,A story about knots and surgeons,"https://www.ted.com/talks/ed_gavagan_a_story_about_knots_and_surgeons
"
129,New York -- before the City,"https://www.ted.com/talks/eric_sanderson_pictures_new_york_before_the_city
"
130,"Religion, evolution, and the ecstasy of self-transcendence","https://www.ted.com/talks/jonathan_haidt_humanity_s_stairway_to_self_transcendence
"
131,Using biology to rethink the energy challenge,"https://www.ted.com/talks/juan_enriquez_wants_to_grow_energy
"
132,No one should die because they live too far from a doctor,"https://www.ted.com/talks/raj_panjabi_no_one_should_die_because_they_live_too_far_from_a_doctor
"
133,What's wrong with what we eat,"https://www.ted.com/talks/mark_bittman_on_what_s_wrong_with_what_we_eat
"
134,The loves and lies of fireflies,"https://www.ted.com/talks/sara_lewis_the_loves_and_lies_of_fireflies
"
135,Chemical scum that dream of distant quasars,"https://www.ted.com/talks/david_deutsch_on_our_place_in_the_cosmos
"
136,My wish: A global day of film,"https://www.ted.com/talks/jehane_noujaim_inspires_a_global_day_of_film
"
137,The new era of positive psychology,"https://www.ted.com/talks/martin_seligman_on_the_state_of_psychology
"
138,Fighting cancer with dance,"https://www.ted.com/talks/ananda_shankar_jayant_fights_cancer_with_a_dance
"
139,We need to talk about an injustice,"https://www.ted.com/talks/bryan_stevenson_we_need_to_talk_about_an_injustice
"
140,Making law on the high seas,"https://www.ted.com/talks/kristina_gjerde_making_law_on_the_high_seas
"
141,Inside the mind of a master procrastinator,"https://www.ted.com/talks/tim_urban_inside_the_mind_of_a_master_procrastinator
"
142,The real future of space exploration,"https://www.ted.com/talks/burt_rutan_sees_the_future_of_space
"
143,The story behind the Mars Rovers,"https://www.ted.com/talks/charles_elachi_on_the_mars_rovers
"
144,"If cars could talk, accidents might be avoidable","https://www.ted.com/talks/jennifer_healey_if_cars_could_talk_accidents_might_be_avoidable
"
145,10 things you didn't know about orgasm,"https://www.ted.com/talks/mary_roach_10_things_you_didn_t_know_about_orgasm
"
146,"Fighting viruses, defending the net","https://www.ted.com/talks/mikko_hypponen_fighting_viruses_defending_the_net
"
147,Immigrant voices make democracy stronger,"https://www.ted.com/talks/sayu_bhojwani_how_immigrant_voices_make_democracy_stronger
"
148,The long reach of reason,"https://www.ted.com/talks/steven_pinker_and_rebecca_newberger_goldstein_the_long_reach_of_reason
"
149,My journey into movies that matter,"https://www.ted.com/talks/jeff_skoll_makes_movies_that_make_change
"
150,Tales of passion,"https://www.ted.com/talks/isabel_allende_tells_tales_of_passion
"
151,What hallucination reveals about our minds,"https://www.ted.com/talks/oliver_sacks_what_hallucination_reveals_about_our_minds
"
152,The shocking move to criminalize nonviolent protest,"https://www.ted.com/talks/will_potter_the_shocking_move_to_criminalize_non_violent_protest
"
153,What a bike ride can teach you,"https://www.ted.com/talks/shimon_schocken_s_rides_of_hope
"
154,A practical way to help the homeless find work and safety,"https://www.ted.com/talks/richard_j_berry_a_practical_way_to_help_the_homeless_find_work_and_safety
"
155,How to fix a broken education system ... without any more money,"https://www.ted.com/talks/seema_bansal_how_to_fix_a_broken_education_system_without_any_more_money
"
156,A Magna Carta for the web,"https://www.ted.com/talks/tim_berners_lee_a_magna_carta_for_the_web
"
157,Why we do what we do,"https://www.ted.com/talks/tony_robbins_asks_why_we_do_what_we_do
"
158,"The future race car -- 150mph, and no driver","https://www.ted.com/talks/chris_gerdes_the_future_race_car_150mph_and_no_driver
"
159,The first 21 days of a bee’s life,"https://www.ted.com/talks/anand_varma_a_thrilling_look_at_the_first_21_days_of_a_bee_s_life
"
160,The beauty and diversity of Muslim life,"https://www.ted.com/talks/bassam_tariq_the_beauty_and_diversity_of_muslim_life
"
161,A dive into the reef's Twilight Zone,"https://www.ted.com/talks/richard_pyle_dives_the_twilight_zone
"
162,Life's third act,"https://www.ted.com/talks/jane_fonda_life_s_third_act
"
163,Why we need gender-neutral bathrooms,"https://www.ted.com/talks/ivan_coyote_why_we_need_gender_neutral_bathrooms
"
164,The great penguin rescue,"https://www.ted.com/talks/dyan_denapoli_the_great_penguin_rescue
"
165,We can recycle plastic,"https://www.ted.com/talks/mike_biddle
"
166,"Looks aren't everything. Believe me, I'm a model.","https://www.ted.com/talks/cameron_russell_looks_aren_t_everything_believe_me_i_m_a_model
"
167,Smart failure for a fast-changing world,"https://www.ted.com/talks/eddie_obeng_smart_failure_for_a_fast_changing_world
"
168,"Lose your ego, find your compassion","https://www.ted.com/talks/imam_feisal_abdul_rauf
"
169,How trees talk to each other,"https://www.ted.com/talks/suzanne_simard_how_trees_talk_to_each_other
"
170,"Global population growth, box by box","https://www.ted.com/talks/hans_rosling_on_global_population_growth
"
171,What happens when you have a disease doctors can't diagnose,"https://www.ted.com/talks/jen_brea_what_happens_when_you_have_a_disease_doctors_can_t_diagnose
"
172,How pollution is changing the ocean's chemistry,"https://www.ted.com/talks/triona_mcgrath_how_pollution_is_changing_the_ocean_s_chemistry
"
173,The ancient ingenuity of water harvesting,"https://www.ted.com/talks/anupam_mishra_the_ancient_ingenuity_of_water_harvesting
"
174,Why you should talk to strangers,"https://www.ted.com/talks/kio_stark_why_you_should_talk_to_strangers
"
175,Building unimaginable shapes,"https://www.ted.com/talks/michael_hansmeyer_building_unimaginable_shapes
"
176,Let’s try emotional correctness,"https://www.ted.com/talks/sally_kohn_let_s_try_emotional_correctness
"
177,"Teach girls bravery, not perfection","https://www.ted.com/talks/reshma_saujani_teach_girls_bravery_not_perfection
"
178,How the US should use its superpower status,"https://www.ted.com/talks/ian_bremmer_how_the_us_should_use_its_superpower_status
"
179,Be suspicious of simple stories,"https://www.ted.com/talks/tyler_cowen_be_suspicious_of_stories
"
180,"Post-crash, investing in a better world","https://www.ted.com/talks/geoff_mulgan_post_crash_investing_in_a_better_world_1
"
181,"A modern take on piano, violin, cello","https://www.ted.com/talks/ahn_trio_a_modern_take_on_piano_violin_cello
"
182,A university for the coming singularity,"https://www.ted.com/talks/ray_kurzweil_announces_singularity_university
"
183,"Smash fear, learn anything","https://www.ted.com/talks/tim_ferriss_smash_fear_learn_anything
"
184,"A monkey that controls a robot with its thoughts. No, really.","https://www.ted.com/talks/miguel_nicolelis_a_monkey_that_controls_a_robot_with_its_thoughts_no_really
"
185,Exploring the mind of a killer,"https://www.ted.com/talks/jim_fallon_exploring_the_mind_of_a_killer
"
186,Social experiments to fight poverty,"https://www.ted.com/talks/esther_duflo_social_experiments_to_fight_poverty
"
187,Let's pool our medical data,"https://www.ted.com/talks/john_wilbanks_let_s_pool_our_medical_data
"
188,The art of the eco-mindshift,"https://www.ted.com/talks/natalie_jeremijenko_the_art_of_the_eco_mindshift
"
189,Growing evidence of brain plasticity,"https://www.ted.com/talks/michael_merzenich_on_the_elastic_brain
"
190,"Don't ask where I'm from, ask where I'm a local","https://www.ted.com/talks/taiye_selasi_don_t_ask_where_i_m_from_ask_where_i_m_a_local
"
191,High-altitude wind energy from kites!,"https://www.ted.com/talks/saul_griffith_on_kites_as_the_future_of_renewable_energy
"
192,A third way to think about aid,"https://www.ted.com/talks/jacqueline_novogratz_a_third_way_to_think_about_aid
"
193,The shared experience of absurdity,"https://www.ted.com/talks/charlie_todd_the_shared_experience_of_absurdity
"
194,Got a smartphone? Start broadcasting,"https://www.ted.com/talks/bruno_torturra_got_a_smartphone_start_broadcasting
"
195,How racism makes us sick,"https://www.ted.com/talks/david_r_williams_how_racism_makes_us_sick
"
196,The discovery that could rewrite physics,"https://www.ted.com/talks/allan_adams_the_discovery_that_could_rewrite_physics
"
197,Breakthrough designs for ultra-low-cost products,"https://www.ted.com/talks/r_a_mashelkar_breakthrough_designs_for_ultra_low_cost_products
"
198,The art of stillness,"https://www.ted.com/talks/pico_iyer_the_art_of_stillness
"
199,A sci-fi vision of love from a 318-year-old hologram,"https://www.ted.com/talks/monica_byrne_a_sci_fi_vision_of_love_from_a_318_year_old_hologram
"
200,4 ways to build a human company in the age of machines,"https://www.ted.com/talks/tim_leberecht_4_ways_to_build_a_human_company_in_the_age_of_machines
"
201,How state budgets are breaking US schools,"https://www.ted.com/talks/bill_gates_how_state_budgets_are_breaking_us_schools
"
202,The economic case for preschool,"https://www.ted.com/talks/timothy_bartik_the_economic_case_for_preschool
"
203,How too many rules at work keep you from getting things done,"https://www.ted.com/talks/yves_morieux_how_too_many_rules_at_work_keep_you_from_getting_things_done
"
204,Google's driverless car,"https://www.ted.com/talks/sebastian_thrun_google_s_driverless_car
"
205,Why is 'x' the unknown?,"https://www.ted.com/talks/terry_moore_why_is_x_the_unknown
"
206,How to make work-life balance work,"https://www.ted.com/talks/nigel_marsh_how_to_make_work_life_balance_work
"
207,What's the next window into our universe?,"https://www.ted.com/talks/andrew_connolly_what_s_the_next_window_into_our_universe
"
208,"""(Nothing But) Flowers"" with string quartet","https://www.ted.com/talks/david_byrne_sings_nothing_but_flowers
"
209,Political common ground in a polarized United States,"https://www.ted.com/talks/gretchen_carlson_david_brooks_political_common_ground_in_a_polarized_united_states
"
210,The four fish we're overeating -- and what to eat instead,"https://www.ted.com/talks/paul_greenberg_the_four_fish_we_re_overeating_and_what_to_eat_instead
"
211,We can reprogram life. How to do it wisely,"https://www.ted.com/talks/juan_enriquez_we_can_reprogram_life_how_to_do_it_wisely
"
212,What is so special about the human brain?,"https://www.ted.com/talks/suzana_herculano_houzel_what_is_so_special_about_the_human_brain
"
213,"Dance vs. powerpoint, a modest proposal","https://www.ted.com/talks/john_bohannon_dance_vs_powerpoint_a_modest_proposal
"
214,Hamilton vs. Madison and the birth of American partisanship,"https://www.ted.com/talks/noah_feldman_hamilton_vs_madison_and_the_birth_of_american_partisanship
"
215,Building a museum of museums on the web,"https://www.ted.com/talks/amit_sood_building_a_museum_of_museums_on_the_web
"
216,Health and the human mind,"https://www.ted.com/talks/marvin_minsky_on_health_and_the_human_mind
"
217,"Non-lethal weapons, a moral hazard?","https://www.ted.com/talks/stephen_coleman_the_moral_dangers_of_non_lethal_weapons
"
218,What intelligent machines can learn from a school of fish,"https://www.ted.com/talks/radhika_nagpal_what_intelligent_machines_can_learn_from_a_school_of_fish
"
219,A new way to study the brain's invisible secrets,"https://www.ted.com/talks/ed_boyden_baby_diapers_inspired_this_new_way_to_study_the_brain
"
220,What it takes to be a great leader,"https://www.ted.com/talks/roselinde_torres_what_it_takes_to_be_a_great_leader
"
221,The case for letting business solve social problems,"https://www.ted.com/talks/michael_porter_why_business_can_be_good_at_solving_social_problems
"
222,Why design should include everyone,"https://www.ted.com/talks/sinead_burke_why_design_should_include_everyone
"
223,"Designing books is no laughing matter. OK, it is.","https://www.ted.com/talks/chip_kidd_designing_books_is_no_laughing_matter_ok_it_is
"
224,A simple solution to the coming phosphorus crisis,"https://www.ted.com/talks/mohamed_hijri_a_simple_solution_to_the_coming_phosphorus_crisis
"
225,The killer American diet that's sweeping the planet,"https://www.ted.com/talks/dean_ornish_on_the_world_s_killer_diet
"
226,Here's how we take back the Internet,"https://www.ted.com/talks/edward_snowden_here_s_how_we_take_back_the_internet
"
227,I am my connectome,"https://www.ted.com/talks/sebastian_seung
"
228,A highly scientific taxonomy of haters,"https://www.ted.com/talks/negin_farsad_a_highly_scientific_taxonomy_of_haters
"
229,Own your body's data,"https://www.ted.com/talks/talithia_williams_own_your_body_s_data
"
230,How to get your ideas to spread,"https://www.ted.com/talks/seth_godin_on_sliced_bread
"
231,A mobile fridge for vaccines,"https://www.ted.com/talks/adam_grosser_and_his_sustainable_fridge
"
232,How to get back to work after a career break,"https://www.ted.com/talks/carol_fishman_cohen_how_to_get_back_to_work_after_a_career_break
"
233,Massively multi-player… thumb-wrestling?,"https://www.ted.com/talks/jane_mcgonigal_massively_multi_player_thumb_wrestling
"
234,Why aren't we more compassionate?,"https://www.ted.com/talks/daniel_goleman_on_compassion
"
235,A flirtatious aria,"https://www.ted.com/talks/danielle_de_niese_a_flirtatious_aria
"
236,How AI can bring on a second Industrial Revolution,"https://www.ted.com/talks/kevin_kelly_how_ai_can_bring_on_a_second_industrial_revolution
"
237,How we can eat our landscapes,"https://www.ted.com/talks/pam_warhurst_how_we_can_eat_our_landscapes
"
238,The secret US prisons you've never heard of before,"https://www.ted.com/talks/will_potter_the_secret_us_prisons_you_ve_never_heard_of_before
"
239,Autism — what we know (and what we don't know yet),"https://www.ted.com/talks/wendy_chung_autism_what_we_know_and_what_we_don_t_know_yet
"
240,Let's put birth control back on the agenda,"https://www.ted.com/talks/melinda_gates_let_s_put_birth_control_back_on_the_agenda
"
241,The camel's hump,"https://www.ted.com/talks/keith_bellows_on_the_camel_s_hump
"
242,Don't insist on English!,"https://www.ted.com/talks/patricia_ryan_ideas_in_all_languages_not_just_english
"
243,"Luke, a new prosthetic arm for soldiers","https://www.ted.com/talks/dean_kamen_previews_a_new_prosthetic_arm
"
244,Dive into an ocean photographer's world,"https://www.ted.com/talks/thomas_peschak_dive_into_an_ocean_photographer_s_world
"
245,A boat carrying 500 refugees sunk at sea. The story of two survivors,"https://www.ted.com/talks/melissa_fleming_a_boat_carrying_500_refugees_sunk_at_sea_the_story_of_two_survivors
"
246,What a driverless world could look like,"https://www.ted.com/talks/wanis_kabbaj_what_a_driverless_world_could_look_like
"
247,Why we make bad decisions,"https://www.ted.com/talks/dan_gilbert_researches_happiness
"
248,Questioning the universe,"https://www.ted.com/talks/stephen_hawking_asks_big_questions_about_the_universe
"
249,Ending hunger now,"https://www.ted.com/talks/josette_sheeran_ending_hunger_now
"
250,"The passing of time, caught in a single photo","https://www.ted.com/talks/stephen_wilkes_the_passing_of_time_caught_in_a_single_photo
"
251,Lessons from past presidents,"https://www.ted.com/talks/doris_kearns_goodwin_on_learning_from_past_presidents
"
252,Mothers helping mothers fight HIV,"https://www.ted.com/talks/mitchell_besser_mothers_helping_mothers_fight_hiv
"
253,Forget Wi-Fi. Meet the new Li-Fi Internet,"https://www.ted.com/talks/harald_haas_a_breakthrough_new_kind_of_wireless_internet
"
254,"When workers own companies, the economy is more resilient","https://www.ted.com/talks/niki_okuk_when_workers_own_companies_the_economy_is_more_resilient
"
255,On technology and faith,"https://www.ted.com/talks/billy_graham_on_technology_faith_and_suffering
"
256,Can art amend history?,"https://www.ted.com/talks/titus_kaphar_can_art_amend_history
"
257,Solving medical mysteries,"https://www.ted.com/talks/joe_derisi_hunts_the_next_killer_virus
"
258,"On tennis, love and motherhood","https://www.ted.com/talks/serena_williams_gayle_king_on_tennis_love_and_motherhood
"
259,It's time to redesign medical data,"https://www.ted.com/talks/thomas_goetz_it_s_time_to_redesign_medical_data
"
260,The sound the universe makes,"https://www.ted.com/talks/janna_levin_the_sound_the_universe_makes
"
261,We are all designers,"https://www.ted.com/talks/john_hockenberry_we_are_all_designers
"
262,"Saving for tomorrow, tomorrow","https://www.ted.com/talks/shlomo_benartzi_saving_more_tomorrow
"
263,The stories behind the bloodlines,"https://www.ted.com/talks/taryn_simon_the_stories_behind_the_bloodlines
"
264,Why mayors should rule the world,"https://www.ted.com/talks/benjamin_barber_why_mayors_should_rule_the_world
"
265,A warrior’s cry against child marriage,"https://www.ted.com/talks/memory_banda_a_warrior_s_cry_against_child_marriage
"
266,The ghastly tragedy of the suburbs,"https://www.ted.com/talks/james_howard_kunstler_dissects_suburbia
"
267,What makes us feel good about our work?,"https://www.ted.com/talks/dan_ariely_what_makes_us_feel_good_about_our_work
"
268,How your pictures can help reclaim lost history,"https://www.ted.com/talks/chance_coughenour_how_your_pictures_can_help_reclaim_lost_history
"
269,A doctor's case for medical marijuana,"https://www.ted.com/talks/david_casarett_a_doctor_s_case_for_medical_marijuana
"
270,Alzheimer's is not normal aging — and we can cure it,"https://www.ted.com/talks/samuel_cohen_alzheimer_s_is_not_normal_aging_and_we_can_cure_it
"
271,5 ways to kill your dreams,"https://www.ted.com/talks/bel_pesce_5_ways_to_kill_your_dreams
"
272,Augmented-reality maps,"https://www.ted.com/talks/blaise_aguera
"
273,The lost art of letter-writing,"https://www.ted.com/talks/lakshmi_pratury_on_letter_writing
"
274,In praise of slowness,"https://www.ted.com/talks/carl_honore_praises_slowness
"
275,New York's streets? Not so mean any more,"https://www.ted.com/talks/janette_sadik_khan_new_york_s_streets_not_so_mean_any_more
"
276,It’s our city. Let’s fix it,"https://www.ted.com/talks/alessandra_orofino_it_s_our_city_let_s_fix_it
"
277,10 ways the world could end,"https://www.ted.com/talks/stephen_petranek_counts_down_to_armageddon
"
278,Why a good book is a secret door,"https://www.ted.com/talks/mac_barnett_why_a_good_book_is_a_secret_door
"
279,Love -- you're doing it wrong,"https://www.ted.com/talks/yann_dall_aglio_love_you_re_doing_it_wrong
"
280,The 1s and 0s behind cyber warfare,"https://www.ted.com/talks/chris_domas_the_1s_and_0s_behind_cyber_warfare
"
281,How a video game might help us build better cities,"https://www.ted.com/talks/karoliina_korppoo_how_a_video_game_might_help_us_build_better_cities
"
282,Talk nerdy to me,"https://www.ted.com/talks/melissa_marshall_talk_nerdy_to_me
"
283,The history of our world in 18 minutes,"https://www.ted.com/talks/david_christian_big_history
"
284,Photos of endangered cultures,"https://www.ted.com/talks/phil_borges_on_endangered_cultures
"
285,An intergalactic guide to using a defibrillator,"https://www.ted.com/talks/todd_scott_an_intergalactic_guide_to_using_a_defibrillator
"
286,Nature vs. humans,"https://www.ted.com/talks/paul_maccready_on_nature_vs_humans
"
287,A TED speaker's worst nightmare,"https://www.ted.com/talks/a_ted_speaker_s_worst_nightmare
"
288,Wry photos that turn stereotypes upside down,"https://www.ted.com/talks/uldus_bakhtiozina_wry_photos_that_turn_stereotypes_upside_down
"
289,The power of introverts,"https://www.ted.com/talks/susan_cain_the_power_of_introverts
"
290,Are you human?,"https://www.ted.com/talks/ze_frank_are_you_human
"
291,"Music is medicine, music is sanity","https://www.ted.com/talks/robert_gupta
"
292,What if our healthcare system kept us healthy?,"https://www.ted.com/talks/rebecca_onie_what_if_our_healthcare_system_kept_us_healthy
"
293,The spellbinding art of human anatomy,"https://www.ted.com/talks/vanessa_ruiz_the_spellbinding_art_of_human_anatomy
"
294,How cognitive surplus will change the world,"https://www.ted.com/talks/clay_shirky_how_cognitive_surplus_will_change_the_world
"
295,Why good leaders make you feel safe,"https://www.ted.com/talks/simon_sinek_why_good_leaders_make_you_feel_safe
"
296,"One woman, five characters, and a sex lesson from the future","https://www.ted.com/talks/sarah_jones_one_woman_five_characters_and_a_sex_lesson_from_the_future
"
297,This country isn't just carbon neutral -- it's carbon negative,"https://www.ted.com/talks/tshering_tobgay_this_country_isn_t_just_carbon_neutral_it_s_carbon_negative
"
298,My journey to yo-yo mastery,"https://www.ted.com/talks/black_my_journey_to_yo_yo_mastery
"
299,Why good hackers make good citizens,"https://www.ted.com/talks/catherine_bracy_why_good_hackers_make_good_citizens
"
300,Walk the earth ... my 17-year vow of silence,"https://www.ted.com/talks/john_francis_walks_the_earth
"
301,Why we need to end the era of orphanages,"https://www.ted.com/talks/tara_winkler_why_we_need_to_end_the_era_of_orphanages
"
302,Why nations should pursue soft power,"https://www.ted.com/talks/shashi_tharoor
"
303,What separates us from chimpanzees?,"https://www.ted.com/talks/jane_goodall_on_what_separates_us_from_the_apes
"
304,"When Black women walk, things change","https://www.ted.com/talks/t_morgan_dixon_and_vanessa_garrison_walking_as_a_revolutionary_act_of_self_care
"
305,7 principles for building better cities,"https://www.ted.com/talks/peter_calthorpe_7_principles_for_building_better_cities
"
306,The untapped genius that could change science for the better,"https://www.ted.com/talks/jedidah_isler_the_untapped_genius_that_could_change_science_for_the_better
"
307,A census of the ocean,"https://www.ted.com/talks/paul_snelgrove_a_census_of_the_ocean
"
308,The beautiful math of coral,"https://www.ted.com/talks/margaret_wertheim_crochets_the_coral_reef
"
309,Tracking ancient diseases using ... plaque,"https://www.ted.com/talks/christina_warinner_tracking_ancient_diseases_using_plaque
"
310,"My daughter, Malala","https://www.ted.com/talks/ziauddin_yousafzai_my_daughter_malala
"
311,Sputnik mania,"https://www.ted.com/talks/david_hoffman_shares_his_sputnik_mania
"
312,The Panama Papers exposed a huge global problem. What's next?,"https://www.ted.com/talks/robert_palmer_the_panama_papers_exposed_a_huge_global_problem_what_s_next
"
313,How to rebuild a broken state,"https://www.ted.com/talks/ashraf_ghani_on_rebuilding_broken_states
"
314,Experiments that point to a new understanding of cancer,"https://www.ted.com/talks/mina_bissell_experiments_that_point_to_a_new_understanding_of_cancer
"
315,There might just be life on Mars,"https://www.ted.com/talks/penelope_boston
"
316,Tales of creativity and play,"https://www.ted.com/talks/tim_brown_on_creativity_and_play
"
317,Shake up your story,"https://www.ted.com/talks/raghava_kk_shake_up_your_story
"
318,"I love being a police officer, but we need reform","https://www.ted.com/talks/melvin_russell_i_love_being_a_police_officer_but_we_need_reform
"
319,Four principles for the open world,"https://www.ted.com/talks/don_tapscott_four_principles_for_the_open_world_1
"
320,Listening to global voices,"https://www.ted.com/talks/ethan_zuckerman
"
321,Why your worst deeds don’t define you,"https://www.ted.com/talks/shaka_senghor_why_your_worst_deeds_don_t_define_you
"
322,Why we laugh,"https://www.ted.com/talks/sophie_scott_why_we_laugh
"
323,How boredom can lead to your most brilliant ideas,"https://www.ted.com/talks/manoush_zomorodi_how_boredom_can_lead_to_your_most_brilliant_ideas
"
324,We need to feed the whole world,"https://www.ted.com/talks/louise_fresco_on_feeding_the_whole_world
"
325,How fake news does real harm,"https://www.ted.com/talks/stephanie_busari_how_fake_news_does_real_harm
"
326,"Please, please, people. Let's put the 'awe' back in 'awesome'","https://www.ted.com/talks/jill_shargaa_please_please_people_let_s_put_the_awe_back_in_awesome
"
327,How to land on a comet,"https://www.ted.com/talks/fred_jansen_how_to_land_on_a_comet
"
328,Swim with the giant sunfish,"https://www.ted.com/talks/tierney_thys_swims_with_the_giant_sunfish
"
329,Life science in prison,"https://www.ted.com/talks/nalini_nadkarni_life_science_in_prison
"
330,The risky politics of progress,"https://www.ted.com/talks/jonathan_tepperman_the_risky_politics_of_progress
"
331,Let's transform energy -- with natural gas,"https://www.ted.com/talks/t_boone_pickens_let_s_transform_energy_with_natural_gas
"
332,"Transplant cells, not organs","https://www.ted.com/talks/susan_lim
"
333,Kids need structure,"https://www.ted.com/talks/colin_powell_kids_need_structure
"
334,If I should have a daughter ...,"https://www.ted.com/talks/sarah_kay_if_i_should_have_a_daughter
"
335,The thrilling potential of SixthSense technology,"https://www.ted.com/talks/pranav_mistry_the_thrilling_potential_of_sixthsense_technology
"
336,The freakonomics of crack dealing,"https://www.ted.com/talks/steven_levitt_analyzes_crack_economics
"
337,Why civilians suffer more once a war is over,"https://www.ted.com/talks/margaret_bourdeaux_why_civilians_suffer_more_once_a_war_is_over
"
338,The mathematics of history,"https://www.ted.com/talks/jean_baptiste_michel_the_mathematics_of_history
"
339,"A father-daughter bond, one photo at a time","https://www.ted.com/talks/steven_addis_a_father_daughter_bond_one_photo_at_a_time
"
340,How to live to be 100+,"https://www.ted.com/talks/dan_buettner_how_to_live_to_be_100
"
341,How to reduce poverty? Fix homes,"https://www.ted.com/talks/paul_pholeros_how_to_reduce_poverty_fix_homes
"
342,The moral bias behind your search results,"https://www.ted.com/talks/andreas_ekstrom_the_moral_bias_behind_your_search_results
"
343,Why smart statistics are the key to fighting crime,"https://www.ted.com/talks/anne_milgram_why_smart_statistics_are_the_key_to_fighting_crime
"
344,The sticky wonder of gecko feet,"https://www.ted.com/talks/robert_full_on_animal_movement
"
345,Refugees have the right to be protected,"https://www.ted.com/talks/antonio_guterres_refugees_have_the_right_to_be_protected
"
346,"Know thyself, with a brain scanner","https://www.ted.com/talks/ariel_garten_know_thyself_with_a_brain_scanner
"
347,"Great design is serious, not solemn","https://www.ted.com/talks/paula_scher_gets_serious
"
348,Treating cancer with electric fields,"https://www.ted.com/talks/bill_doyle_treating_cancer_with_electric_fields
"
349,The line between life and not-life,"https://www.ted.com/talks/martin_hanczyc_the_line_between_life_and_not_life
"
350,Why you should know how much your coworkers get paid,"https://www.ted.com/talks/david_burkus_why_you_should_know_how_much_your_coworkers_get_paid
"
351,A young scientist's quest for clean water,"https://www.ted.com/talks/deepika_kurup_a_young_scientist_s_quest_for_clean_water
"
352,Why I brought Pac-Man to MoMA,"https://www.ted.com/talks/paola_antonelli_why_i_brought_pacman_to_moma
"
353,Why I take the piano on the road ... and in the air,"https://www.ted.com/talks/daria_van_den_bercken_why_i_take_the_piano_on_the_road_and_in_the_air
"
354,What we don't know about Europe's Muslim kids,"https://www.ted.com/talks/deeyah_khan_what_we_don_t_know_about_europe_s_muslim_kids
"
355,The untouchable music of the theremin,"https://www.ted.com/talks/pamelia_kurstin_plays_the_theremin
"
356,Tour Microsoft's Virtual Earth,"https://www.ted.com/talks/stephen_lawler_tours_microsoft_virtual_earth
"
357,Re-engineering the brain,"https://www.ted.com/talks/gero_miesenboeck
"
358,The world needs all kinds of minds,"https://www.ted.com/talks/temple_grandin_the_world_needs_all_kinds_of_minds
"
359,"A test that finds 3x more breast tumors, and why it's not available to you","https://www.ted.com/talks/deborah_rhodes
"
360,The incredible inventions of intuitive AI,"https://www.ted.com/talks/maurice_conti_the_incredible_inventions_of_intuitive_ai
"
361,Embrace the near win,"https://www.ted.com/talks/sarah_lewis_embrace_the_near_win
"
362,The world's English mania,"https://www.ted.com/talks/jay_walker_on_the_world_s_english_mania
"
363,Playing with DNA that self-assembles,"https://www.ted.com/talks/paul_rothemund_casts_a_spell_with_dna
"
364,What will you tell your daughters about 2016?,"https://www.ted.com/talks/chinaka_hodge_what_will_you_tell_your_daughters_about_2016
"
365,Photographing the landscape of oil,"https://www.ted.com/talks/edward_burtynsky_photographs_the_landscape_of_oil
"
366,The story of life in photographs,"https://www.ted.com/talks/frans_lanting_s_lyrical_nature_photos
"
367,A new vision for rebuilding Detroit,"https://www.ted.com/talks/toni_griffin_a_new_vision_for_rebuilding_detroit
"
368,How we can predict the next financial crisis,"https://www.ted.com/talks/didier_sornette_how_we_can_predict_the_next_financial_crisis
"
369,Our campaign to ban plastic bags in Bali,"https://www.ted.com/talks/melati_and_isabel_wijsen_our_campaign_to_ban_plastic_bags_in_bali
"
370,How Airbnb designs for trust,"https://www.ted.com/talks/joe_gebbia_how_airbnb_designs_for_trust
"
371,A mockingbird remix of TED2006,"https://www.ted.com/talks/rives_remixes_ted2006
"
372,Is Pivot a turning point for web exploration?,"https://www.ted.com/talks/gary_flake_is_pivot_a_turning_point_for_web_exploration
"
373,A secret weapon against Zika and other mosquito-borne diseases,"https://www.ted.com/talks/nina_fedoroff_a_secret_weapon_against_zika_and_other_mosquito_borne_diseases
"
374,"A manifesto for play, for Bulgaria and beyond","https://www.ted.com/talks/steve_keil_a_manifesto_for_play_for_bulgaria_and_beyond
"
375,How I made an impossible film,"https://www.ted.com/talks/martin_villeneuve_how_i_made_an_impossible_film
"
376,The hidden world of shadow cities,"https://www.ted.com/talks/robert_neuwirth_on_our_shadow_cities
"
377,Dare to disagree,"https://www.ted.com/talks/margaret_heffernan_dare_to_disagree
"
378,A clean energy proposal -- race to the top!,"https://www.ted.com/talks/jennifer_granholm_a_clean_energy_proposal_race_to_the_top
"
379,A one-woman global village,"https://www.ted.com/talks/sarah_jones_as_a_one_woman_global_village
"
380,3 ways to fix a broken news industry,"https://www.ted.com/talks/lara_setrakian_3_ways_to_fix_a_broken_news_industry
"
381,"Go ahead, make up new words!","https://www.ted.com/talks/erin_mckean_go_ahead_make_up_new_words
"
382,Teach teachers how to create magic,"https://www.ted.com/talks/christopher_emdin_teach_teachers_how_to_create_magic
"
383,When ideas have sex,"https://www.ted.com/talks/matt_ridley_when_ideas_have_sex
"
384,The lost art of democratic debate,"https://www.ted.com/talks/michael_sandel_the_lost_art_of_democratic_debate
"
385,A next-gen cure for killer infections,"https://www.ted.com/talks/kary_mullis_next_gen_cure_for_killer_infections
"
386,What if 3D printing was 100x faster?,"https://www.ted.com/talks/joe_desimone_what_if_3d_printing_was_25x_faster
"
387,Let's talk crap. Seriously.,"https://www.ted.com/talks/rose_george_let_s_talk_crap_seriously
"
388,"Cracking Stuxnet, a 21st-century cyber weapon","https://www.ted.com/talks/ralph_langner_cracking_stuxnet_a_21st_century_cyberweapon
"
389,Nature is everywhere -- we just need to learn to see it,"https://www.ted.com/talks/emma_marris_nature_is_everywhere_we_just_need_to_learn_to_see_it
"
390,A story of mixed emoticons,"https://www.ted.com/talks/rives_tells_a_story_of_mixed_emoticons
"
391,A new ecosystem for electric cars,"https://www.ted.com/talks/shai_agassi_on_electric_cars
"
392,Two nameless bodies washed up on the beach. Here are their stories,"https://www.ted.com/talks/anders_fjellberg_two_nameless_bodies_washed_up_on_the_beach_here_are_their_stories
"
393,We're worried about local warming ... in your lap,"https://www.ted.com/talks/yossi_vardi_fights_local_warming
"
394,"""Black Men Ski""","https://www.ted.com/talks/stew_says_black_men_ski
"
395,World-class health care,"https://www.ted.com/talks/ernest_madu_on_world_class_health_care
"
396,"Listen, learn ... then lead","https://www.ted.com/talks/stanley_mcchrystal
"
397,How we're growing baby corals to rebuild reefs,"https://www.ted.com/talks/kristen_marhaver_how_we_re_growing_baby_corals_to_rebuild_reefs
"
398,America's forgotten working class,"https://www.ted.com/talks/j_d_vance_america_s_forgotten_working_class
"
399,How women wage conflict without violence,"https://www.ted.com/talks/julia_bacha_how_women_wage_conflict_without_violence
"
400,Learning from the gecko's tail,"https://www.ted.com/talks/robert_full_learning_from_the_gecko_s_tail
"
401,"One Laptop per Child, two years on","https://www.ted.com/talks/nicholas_negroponte_on_one_laptop_per_child_two_years_on
"
402,The politics of fiction,"https://www.ted.com/talks/elif_shafak_the_politics_of_fiction
"
403,Toy tiles that talk to each other,"https://www.ted.com/talks/david_merrill_demos_siftables_the_smart_blocks
"
404,Growing new organs,"https://www.ted.com/talks/anthony_atala_growing_organs_engineering_tissue
"
405,"Archeology, animal photography, BBQ ...","https://www.ted.com/talks/nathan_myhrvold_on_archeology_animal_photography_bbq
"
406,Biomimicry in action,"https://www.ted.com/talks/janine_benyus_biomimicry_in_action
"
407,What we didn't know about penis anatomy,"https://www.ted.com/talks/diane_kelly_what_we_didn_t_know_about_penis_anatomy
"
408,Visualizing the medical data explosion,"https://www.ted.com/talks/anders_ynnerman_visualizing_the_medical_data_explosion
"
409,How virtual reality can create the ultimate empathy machine,"https://www.ted.com/talks/chris_milk_how_virtual_reality_can_create_the_ultimate_empathy_machine
"
410,A shark-deterrent wetsuit (and it's not what you think),"https://www.ted.com/talks/hamish_jolly_a_shark_deterrent_wetsuit_and_it_s_not_what_you_think
"
411,Design for all 5 senses,"https://www.ted.com/talks/jinsop_lee_design_for_all_5_senses
"
412,"Lies, damned lies and statistics (about TEDTalks)","https://www.ted.com/talks/lies_damned_lies_and_statistics_about_tedtalks
"
413,Finding life we can't imagine,"https://www.ted.com/talks/christophe_adami_finding_life_we_can_t_imagine
"
414,Why helmets don't prevent concussions -- and what might,"https://www.ted.com/talks/david_camarillo_why_helmets_don_t_prevent_concussions_and_what_might
"
415,Do the green thing,"https://www.ted.com/talks/andy_hobsbawm_says_do_the_green_thing
"
416,Be passionate. Be courageous. Be your best.,"https://www.ted.com/talks/gabby_giffords_and_mark_kelly_be_passionate_be_courageous_be_your_best
"
417,Let's treat violence like a contagious disease,"https://www.ted.com/talks/gary_slutkin_let_s_treat_violence_like_a_contagious_disease
"
418,How I built a toaster -- from scratch,"https://www.ted.com/talks/thomas_thwaites_how_i_built_a_toaster_from_scratch
"
419,5 ways to listen better,"https://www.ted.com/talks/julian_treasure_5_ways_to_listen_better
"
420,How to design a library that makes kids want to read ,"https://www.ted.com/talks/michael_bierut_how_to_design_a_library_that_makes_kids_want_to_read
"
421,A 40-year plan for energy,"https://www.ted.com/talks/amory_lovins_a_50_year_plan_for_energy
"
422,The astonishing hidden world of the deep ocean,"https://www.ted.com/talks/robert_ballard_on_exploring_the_oceans
"
423,Two nerdy obsessions meet -- and it's magic,"https://www.ted.com/talks/david_kwong_two_nerdy_obsessions_meet_and_it_s_magic
"
424,A robot that flies like a bird,"https://www.ted.com/talks/a_robot_that_flies_like_a_bird
"
425,The Web as random acts of kindness,"https://www.ted.com/talks/jonathan_zittrain_the_web_is_a_random_act_of_kindness
"
426,We are all cyborgs now,"https://www.ted.com/talks/amber_case_we_are_all_cyborgs_now
"
427,An ultra-low-cost college degree,"https://www.ted.com/talks/shai_reshef_a_tuition_free_college_degree
"
428,A plea for bees,"https://www.ted.com/talks/dennis_vanengelsdorp_a_plea_for_bees
"
429,We can be Buddhas,"https://www.ted.com/talks/bob_thurman_says_we_can_be_buddhas
"
430,The future of lying,"https://www.ted.com/talks/jeff_hancock_3_types_of_digital_lies
"
431,Teaching one child at a time,"https://www.ted.com/talks/shukla_bose_teaching_one_child_at_a_time
"
432,"In the Internet age, dance evolves ...","https://www.ted.com/talks/the_lxd_in_the_internet_age_dance_evolves
"
433,New ways to see music (with color! and fire!),"https://www.ted.com/talks/jared_ficklin_new_ways_to_see_music_with_color_and_fire
"
434,Optical illusions show how we see,"https://www.ted.com/talks/beau_lotto_optical_illusions_show_how_we_see
"
435,How photography connects us,"https://www.ted.com/talks/david_griffin_on_how_photography_connects
"
436,Can we make things that make themselves?,"https://www.ted.com/talks/skylar_tibbits_can_we_make_things_that_make_themselves
"
437,What's left to explore?,"https://www.ted.com/talks/nathan_wolfe_what_s_left_to_explore
"
438,"Pirates, nurses and other rebel designers","https://www.ted.com/talks/alice_rawsthorn_pirates_nurses_and_other_rebel_designers
"
439, Hidden miracles of the natural world,"https://www.ted.com/talks/louie_schwartzberg_hidden_miracles_of_the_natural_world
"
440,"Save the oceans, feed the world!","https://www.ted.com/talks/jackie_savitz_save_the_oceans_feed_the_world
"
441,Two young scientists break down plastics with bacteria,"https://www.ted.com/talks/two_young_scientists_break_down_plastics_with_bacteria
"
442,The right to understand,"https://www.ted.com/talks/sandra_fisher_martins_the_right_to_understand
"
443,Why I speak up about living with epilepsy,"https://www.ted.com/talks/sitawa_wafula_why_i_speak_up_about_living_with_epilepsy
"
444,The enchanting music of sign language,"https://www.ted.com/talks/christine_sun_kim_the_enchanting_music_of_sign_language
"
445,A tour of modern architecture,"https://www.ted.com/talks/reed_kroloff_on_modern_and_romantic_architecture
"
446,Get your next eye exam on a smartphone,"https://www.ted.com/talks/andrew_bastawrous_get_your_next_eye_exam_on_a_smartphone
"
447,One Laptop per Child,"https://www.ted.com/talks/nicholas_negroponte_on_one_laptop_per_child
"
448,The power of herd immunity,"https://www.ted.com/talks/romina_libster_the_power_of_herd_immunity
"
449,"Evolution's gift of play, from bonobo apes to humans","https://www.ted.com/talks/isabel_behncke_evolution_s_gift_of_play_from_bonobo_apes_to_humans
"
450,How the teddy bear taught us compassion,"https://www.ted.com/talks/jon_mooallem_the_strange_story_of_the_teddy_bear_and_what_it_reveals_about_our_relationship_to_animals
"
451,Finding planets around other stars,"https://www.ted.com/talks/lucianne_walkowicz_finding_planets_around_other_stars
"
452,The paralyzed rat that walked,"https://www.ted.com/talks/gregoire_courtine_the_paralyzed_rat_that_walked
"
453,Success is a continuous journey,"https://www.ted.com/talks/richard_st_john_success_is_a_continuous_journey
"
454,A taboo-free way to talk about periods,"https://www.ted.com/talks/aditi_gupta_a_taboo_free_way_to_talk_about_periods
"
455,Close-up card magic with a twist,"https://www.ted.com/talks/lennart_green_does_close_up_card_magic
"
456,Meet the microscopic life in your home -- and on your face,"https://www.ted.com/talks/anne_madden_meet_the_microscopic_life_in_your_home_and_on_your_face
"
457,Life lessons from big cats,"https://www.ted.com/talks/beverly_dereck_joubert_life_lessons_from_big_cats
"
458,"""Women of Hope""","https://www.ted.com/talks/morley_sings_women_of_hope
"
459,Why the only future worth building includes everyone,"https://www.ted.com/talks/pope_francis_why_the_only_future_worth_building_includes_everyone
"
460,"10 myths about psychology, debunked","https://www.ted.com/talks/ben_ambridge_10_myths_about_psychology_debunked
"
461,My stroke of insight,"https://www.ted.com/talks/jill_bolte_taylor_s_powerful_stroke_of_insight
"
462,The fastest ambulance? A motorcycle,"https://www.ted.com/talks/eli_beer_the_fastest_ambulance_a_motorcycle
"
463,The birth of the open-source learning revolution,"https://www.ted.com/talks/richard_baraniuk_on_open_source_learning
"
464,A powerful poem about what it feels like to be transgender,"https://www.ted.com/talks/lee_mokobe_a_powerful_poem_about_what_it_feels_like_to_be_transgender
"
465,"Playing ""Pink Noise"" on guitar","https://www.ted.com/talks/kaki_king_rocks_out_to_pink_noise
"
466,This is what LGBT life is like around the world,"https://www.ted.com/talks/jenni_chang_and_lisa_dazols_this_is_what_lgbt_life_is_like_around_the_world
"
467,The birth of virtual reality as an art form,"https://www.ted.com/talks/chris_milk_the_birth_of_virtual_reality_as_an_art_form
"
468,Happiness by design,"https://www.ted.com/talks/stefan_sagmeister_shares_happy_design
"
469,The art of first impressions -- in design and life,"https://www.ted.com/talks/chip_kidd_the_art_of_first_impressions_in_design_and_life
"
470,Can we build AI without losing control over it?,"https://www.ted.com/talks/sam_harris_can_we_build_ai_without_losing_control_over_it
"
471,A 3D-printed jumbo jet?,"https://www.ted.com/talks/bastian_schaefer_a_3d_printed_jumbo_jet
"
472,Strange answers to the psychopath test,"https://www.ted.com/talks/jon_ronson_strange_answers_to_the_psychopath_test
"
473,What you don't know about marriage,"https://www.ted.com/talks/jenna_mccarthy_what_you_don_t_know_about_marriage
"
474,"Cute, sexy, sweet, funny","https://www.ted.com/talks/dan_dennett_cute_sexy_sweet_funny
"
475,How I fell in love with a fish,"https://www.ted.com/talks/dan_barber_how_i_fell_in_love_with_a_fish
"
476,Humble plants that hide surprising secrets,"https://www.ted.com/talks/ameenah_gurib_fakim_humble_plants_that_hide_surprising_secrets
"
477,"How giant websites design for you (and a billion others, too)","https://www.ted.com/talks/margaret_gould_stewart_how_giant_websites_design_for_you_and_a_billion_others_too
"
478,Why I live in mortal dread of public speaking,"https://www.ted.com/talks/megan_washington_why_i_live_in_mortal_dread_of_public_speaking
"
479,"The next 5,000 days of the web","https://www.ted.com/talks/kevin_kelly_on_the_next_5_000_days_of_the_web
"
480,Animations of unseeable biology,"https://www.ted.com/talks/drew_berry_animations_of_unseeable_biology
"
481,"How young blood might help reverse aging. Yes, really","https://www.ted.com/talks/tony_wyss_coray_how_young_blood_might_help_reverse_aging_yes_really
"
482,"Homeopathy, quackery and fraud","https://www.ted.com/talks/james_randi
"
483,"As work gets more complex, 6 rules to simplify","https://www.ted.com/talks/yves_morieux_as_work_gets_more_complex_6_rules_to_simplify
"
484,On being wrong,"https://www.ted.com/talks/kathryn_schulz_on_being_wrong
"
485,"DNA folding, in detail","https://www.ted.com/talks/paul_rothemund_details_dna_folding
"
486,Wireless data from every light bulb,"https://www.ted.com/talks/harald_haas_wireless_data_from_every_light_bulb
"
487,Three types of online attack,"https://www.ted.com/talks/mikko_hypponen_three_types_of_online_attack
"
488,The mysterious lives of giant trees,"https://www.ted.com/talks/richard_preston_on_the_giant_trees
"
489,My wish: A call for open-source architecture,"https://www.ted.com/talks/cameron_sinclair_on_open_source_architecture
"
490,What we learn before we're born,"https://www.ted.com/talks/annie_murphy_paul_what_we_learn_before_we_re_born
"
491,Wearing nothing new,"https://www.ted.com/talks/jessi_arrington_wearing_nothing_new
"
492,A wide-angle view of fragile Earth,"https://www.ted.com/talks/yann_arthus_bertrand_captures_fragile_earth_in_wide_angle
"
493,The rise of human-computer cooperation,"https://www.ted.com/talks/shyam_sankar_the_rise_of_human_computer_cooperation
"
494,How to find work you love,"https://www.ted.com/talks/scott_dinsmore_how_to_find_work_you_love
"
495,Why you will fail to have a great career,"https://www.ted.com/talks/larry_smith_why_you_will_fail_to_have_a_great_career
"
496,The puzzle of motivation,"https://www.ted.com/talks/dan_pink_on_motivation
"
497,Plug into your hard-wired happiness,"https://www.ted.com/talks/srikumar_rao_plug_into_your_hard_wired_happiness
"
498,The surprising habits of original thinkers,"https://www.ted.com/talks/adam_grant_the_surprising_habits_of_original_thinkers
"
